"RelativePath","Bytes","SHA256"
"交接说明.md","3119","51D029E5CD720806B94EBD56AD81DC12FD744287364B19F25EC696B778787F1E"
"artifacts\baselines\canonical_actuals.csv","12434403","65DB708CDF37CF8266561A2A78BB1DA032BB60E2736F1F0849F45143FFB9F8ED"
"artifacts\baselines\environment.json","1437","69A40BC52720621F8875767B22427D04889A74C32FA54D7562F994B992EE549C"
"artifacts\baselines\lineage.csv","754050","20D3263C3ED93BDAE953E584307E39C03FF831792FC425FDCC90A2436A123E86"
"artifacts\baselines\output_manifest.json","5287","C4333524FC699A9B07121152AB6571EB4032277DBEE9EE2CDDCCE0ED3BFBE389"
"artifacts\baselines\predictions.csv","73787016","D5252772478F98D6A0516A28093E161052342B3D091158A5B3F3FC46257A4A20"
"artifacts\baselines\run_status.json","377","8A9D7E02C1DE3E0085DCDA13346567ED1F91B9D1ACBED1507E4E278B9B000139"
"artifacts\baselines\runtime.csv","146020","BEF3C08A4DDAF8D712AA761EC9CA0013E388F68F6D99E41E4661CCA381EF854B"
"artifacts\dlinear\checkpoints\low_Load_autumn_N14.json","5697","868E74F333BADA28AC5376A42C8AF1FF5E18DAA0C96E49807B6B23B0B60CCA67"
"artifacts\dlinear\checkpoints\low_Load_autumn_N14.pt","1164637","BBBD4D4207B108ACD2E9FD95C148280B4D6E43D289BC9FEC5229FE637C66E224"
"artifacts\dlinear\checkpoints\low_Load_autumn_N180.json","5701","160754005AFEABC534093A25F68DD23526C66BD5EB66DF6F1B8F995C778455DE"
"artifacts\dlinear\checkpoints\low_Load_autumn_N180.pt","1164637","E7DD41668CC80947C62F0F1915A06CFFDBBB4342D298132FD7FBEF0CB296C1AC"
"artifacts\dlinear\checkpoints\low_Load_autumn_N30.json","5697","82413EACFA224A99A6E8C6D50FECACBC1795995C9503FA7577DC9DDD9BD4A293"
"artifacts\dlinear\checkpoints\low_Load_autumn_N30.pt","1164637","10572EE117953DAC5F8EA7E86ED17C5E6B8D8278A88E58D020FEF28E58985AB1"
"artifacts\dlinear\checkpoints\low_Load_autumn_N60.json","5693","1104F179BAABB76557C651D23A4192DB81E01A2877A61FD67E9BAA4E367FFB04"
"artifacts\dlinear\checkpoints\low_Load_autumn_N60.pt","1164637","1D22393AB13B6C15EF877F9BDF42B1803B9EBF6D6443140798888240568641F8"
"artifacts\dlinear\checkpoints\low_Load_autumn_N90.json","5692","5380FE46C8FDA39506030664005BA80864FFB9B4545F4F0B2EA5E8A20AA10E07"
"artifacts\dlinear\checkpoints\low_Load_autumn_N90.pt","1164637","BCA23E2FBCA27A01FF00405711D64EE82632BA927FF211B38DF2051A19394893"
"artifacts\dlinear\checkpoints\low_Load_spring_N14.json","5698","7A97AF79C942F7B64D978C1B64B15B5650B06FB000A52CE8F738CB8AAF8DD9F6"
"artifacts\dlinear\checkpoints\low_Load_spring_N14.pt","1164637","FD4A8C134AB2CEDA24B5686E3D47E7A650D4D6E17EB69647E9E5555871539450"
"artifacts\dlinear\checkpoints\low_Load_spring_N30.json","5709","BF6D83DF8779BE7414F7CB71677F96705E5C206DA6923E73912A2700303FD0BB"
"artifacts\dlinear\checkpoints\low_Load_spring_N30.pt","1164637","46660B840135DFF9D59A93145442BC83B8A910F5AB8E0D63EFC8818079924247"
"artifacts\dlinear\checkpoints\low_Load_spring_N60.json","5711","75D655B28ADDE00AB0A5F7C28F8C5E0057F650A59FD15F18D18BC036335966A4"
"artifacts\dlinear\checkpoints\low_Load_spring_N60.pt","1164637","0AD187C08D21EDCA37B9DB3218B8D708EB6718F5EFBBED3775373E07C3087650"
"artifacts\dlinear\checkpoints\low_Load_summer_N14.json","5698","4807E46170E5E6DAB0895A29FDC0E1454903F05154064C5E7B004DE7A0C2AA4B"
"artifacts\dlinear\checkpoints\low_Load_summer_N14.pt","1164637","10B8FD319806D725A6B45F2362710105CD794AA4E8450B0FE53D4A35EF214F2B"
"artifacts\dlinear\checkpoints\low_Load_summer_N30.json","5687","A463D514CE483FC40785962B8D737F850CC6B41FA7B90116989A02175BF54E88"
"artifacts\dlinear\checkpoints\low_Load_summer_N30.pt","1164637","9162A55E851967CA2C34CF0FB0D0B6AE0BD2E405EC18F1A3A24C6B242555CEEA"
"artifacts\dlinear\checkpoints\low_Load_summer_N60.json","5693","B401C9EFCC1DA3376F9AB7F09A47F469D55302857F6BD71275B855EAFD632695"
"artifacts\dlinear\checkpoints\low_Load_summer_N60.pt","1164637","6BA04330A35C21CFE1D010447DF40D78506B2457384594D740728F94EBED0286"
"artifacts\dlinear\checkpoints\low_Load_summer_N90.json","5696","5B9142399B07C18A7466265614EC1F543659E1AB09A531C6DACBB72474E8CD94"
"artifacts\dlinear\checkpoints\low_Load_summer_N90.pt","1164637","860D8567D584587AC18EBECF5175E13C8E9849A99352B3992E61689CF50BD827"
"artifacts\dlinear\checkpoints\low_Load_winter_N14.json","5701","083845F66C0125BE8DBD4263C7D872AB5BD0666F0DE083847252CEBAC9F5FF68"
"artifacts\dlinear\checkpoints\low_Load_winter_N14.pt","1164637","92DCDA4404484848BA7911E10C747BBF170A3C28E6247D4F602E37575004F491"
"artifacts\dlinear\checkpoints\low_Load_winter_N180.json","5696","8A239FCE210530A6D9F4ABDA382CD922FBD751A2E9E2CD8B92E93FB03F4B951B"
"artifacts\dlinear\checkpoints\low_Load_winter_N180.pt","1164637","1770435C421B36573033BC6942B77F6E300788A6DD750C06CBAF9AD3208B4F52"
"artifacts\dlinear\checkpoints\low_Load_winter_N30.json","5691","CDDB699D4BFD044F47B8D0593D38B9919B519A196FA89B6878992BD855316B63"
"artifacts\dlinear\checkpoints\low_Load_winter_N30.pt","1164637","6DCFBC5EBEDF659C60BD490121ED382768E749DA00E45CA32B7CC8D883B89136"
"artifacts\dlinear\checkpoints\low_Load_winter_N60.json","5703","C38EC9A657444E1286AAA3943005C335A938CBE4448FD4849F4AB5A58608415A"
"artifacts\dlinear\checkpoints\low_Load_winter_N60.pt","1164637","8FF93AF8AA421562467DCCECEDB6382F12CF2723BEB2C55AD09507125D6AB48F"
"artifacts\dlinear\checkpoints\low_Load_winter_N90.json","5714","73152E3CE9A6B91ABB5A92A99C05026E31BC68F1A684561CBA0094476BAAE5A5"
"artifacts\dlinear\checkpoints\low_Load_winter_N90.pt","1164637","F54A5C948F2D01E1612A1F0D19AEBDFC27412E3E088F597EEDF8045C64ADFB5E"
"artifacts\dlinear\checkpoints\low_PV_autumn_N14.json","5456","EB973BD05070C467E879C8CA2456DE235A9666916BA7B114EC058FB6D9F4B00D"
"artifacts\dlinear\checkpoints\low_PV_autumn_N14.pt","501085","71CB7B1B1026518FBAFD2564E9F8377E018FF36092923E8A960FC3EE88006F3C"
"artifacts\dlinear\checkpoints\low_PV_autumn_N180.json","5464","E0560E544E239C600AD9439F451D9788AF3A333E0DA4E5772269C689F9E091DB"
"artifacts\dlinear\checkpoints\low_PV_autumn_N180.pt","501085","0A9E7A284D62F8DDB286686DDF44479D6EE6760067344700022E1A7C278EE09B"
"artifacts\dlinear\checkpoints\low_PV_autumn_N30.json","5466","0EB4964954EF0D54D3086EEDFB2DAB84DBE8BBBDD425A92AC02179800D374723"
"artifacts\dlinear\checkpoints\low_PV_autumn_N30.pt","501085","174667D78B82020F1D35AF4CDC5CA46B2FAE6EE242CA6210EA975C54EA35F7D6"
"artifacts\dlinear\checkpoints\low_PV_autumn_N60.json","5463","9397227C42F74F86222FC4458011DFA65D1EAF1E8E79183D6948CD71BC15E646"
"artifacts\dlinear\checkpoints\low_PV_autumn_N60.pt","501085","DFCBC334C0253792786DE0FE92D95C816B2C3A4BB55052AFCC9E86573CEF776C"
"artifacts\dlinear\checkpoints\low_PV_autumn_N7.json","5442","338372338552E695106F3C43B481AE95E1266883B769CB405EBDA83C9A28269C"
"artifacts\dlinear\checkpoints\low_PV_autumn_N7.pt","501085","8A3004ED4553AFBA585CD7A7D3F11CEDDA9D33E284E66A02EA2B210572DCBD49"
"artifacts\dlinear\checkpoints\low_PV_autumn_N90.json","5461","B8C5F02A5016AE566C79AB86EF4A17B2A94DA4C8CD02FF0E1AE0B0BC0EBE665B"
"artifacts\dlinear\checkpoints\low_PV_autumn_N90.pt","501085","CB4257C5A6846C9B275EAE617404FF630862AA4E46D829B90F19D3AB870CC47C"
"artifacts\dlinear\checkpoints\low_PV_spring_N14.json","5449","41F84605DF24C2AF2A221A39BAA519BD21099C6ADA66A16E018A243636067BC7"
"artifacts\dlinear\checkpoints\low_PV_spring_N14.pt","501085","AFDE44A6D4464B5B048AF32098CB5A896F1EBC96219DA731155B4A8531D03AF0"
"artifacts\dlinear\checkpoints\low_PV_spring_N30.json","5464","55D4E7881B7B016FC6A7CCED6C3C1C22431BB6006908261EE5FFC0144E67B93C"
"artifacts\dlinear\checkpoints\low_PV_spring_N30.pt","501085","A5BB02B5EA61E10B3812BD36EBE33F7ACB088FE6ECB689EDAD913BDD5608F7F6"
"artifacts\dlinear\checkpoints\low_PV_spring_N60.json","5456","0EEC2E797171A8415673F0900FA6116A86F0924B33DF4F1EA60F296F1FD89CD8"
"artifacts\dlinear\checkpoints\low_PV_spring_N60.pt","501085","779C8D95A651B7F53AF47B773AF8D915329F50D56AEFB9F79D6B0F16B3213779"
"artifacts\dlinear\checkpoints\low_PV_spring_N7.json","5439","6433E525BB1B48EEEE6122C1BEFEA06A964D59DCFBFF8D767F9B97A180B3F67B"
"artifacts\dlinear\checkpoints\low_PV_spring_N7.pt","501085","AEA616A8F3CB6D7287A82404D0D7B6AB04AE28F0C47D2001BEA080EC4D64500E"
"artifacts\dlinear\checkpoints\low_PV_summer_N14.json","5449","CD4BAC31C22E9F45DF87201C7B44FEE8D2B7A266B054158FA2AB6ECD69AC3717"
"artifacts\dlinear\checkpoints\low_PV_summer_N14.pt","501085","09BDA0F619D8BEDF2DD03C81700AF071116FB7B11E249AFA6C1835F2CE0F6B8A"
"artifacts\dlinear\checkpoints\low_PV_summer_N30.json","5451","D04AE821C50423303F6EE60E3693FA632BF6E4B18E9224102BE545440CF458AA"
"artifacts\dlinear\checkpoints\low_PV_summer_N30.pt","501085","ADFC961404E1420AC5F2A54A18784E90E327BD31571EE86CFC8948275174FF65"
"artifacts\dlinear\checkpoints\low_PV_summer_N60.json","5445","02D9FA1129FE54B7E516A46C94D5FA5F5891DA84838722AB5860363F99C29DF6"
"artifacts\dlinear\checkpoints\low_PV_summer_N60.pt","501085","3B0D5C33012A6E5CDE1946C30C231547CBFDD68913D70590991BE0444EBA5D93"
"artifacts\dlinear\checkpoints\low_PV_summer_N7.json","5434","48F88785451FBD3BCCEC4E8AB2D3983A055632007B2CB9026FFE3B5C0BE6E975"
"artifacts\dlinear\checkpoints\low_PV_summer_N7.pt","501085","2B98791EA0AD8DA950C9DBEB440325E1569F208E4DC9D73BAC6DB79A533F79EF"
"artifacts\dlinear\checkpoints\low_PV_summer_N90.json","5464","38FBFAA00A23316B3FBB45ADB2D1FC231AAA6A433DF1B5FEC901F59267282CC2"
"artifacts\dlinear\checkpoints\low_PV_summer_N90.pt","501085","6A99E27946E1444E023692F2C6EE79659EC521BD54A4671AF11FB0CD93C515F9"
"artifacts\dlinear\checkpoints\low_PV_winter_N14.json","5461","D1291E2E3EFB48510E8E6992BC81039F831EF013F28F7ECBBB028EFD5E5BD270"
"artifacts\dlinear\checkpoints\low_PV_winter_N14.pt","501085","4686906F07E6655D837AE074A8D0380B82D5C75C7559F4984CB079BBF7797EAE"
"artifacts\dlinear\checkpoints\low_PV_winter_N180.json","5459","CB1EBAC054FDA23636661869672414D17A7707E1A0B48843D663EC6C7A25BC2A"
"artifacts\dlinear\checkpoints\low_PV_winter_N180.pt","501085","00A1FFA4C5EBC26AAAD486DA5732DCBE0F9485109629947045B6A306762DD0F2"
"artifacts\dlinear\checkpoints\low_PV_winter_N30.json","5472","49680631D5C9916C3F65FDB93950ACD0A781B60061C45122C453EAEB678B0C3E"
"artifacts\dlinear\checkpoints\low_PV_winter_N30.pt","501085","3B6B22ACDC2D54F1A5C4B2EC0967F56A71029F78BD66ED0E766F9D02BC790B9D"
"artifacts\dlinear\checkpoints\low_PV_winter_N60.json","5466","CF8FE03E9A22B67A24AF93434352815945D0D24A50B6F76EC8354278AE8A7D22"
"artifacts\dlinear\checkpoints\low_PV_winter_N60.pt","501085","589EFFD6A675339D01F039F00770DE26087C0F5CE61B9CF71949FA5EEEC7BCB5"
"artifacts\dlinear\checkpoints\low_PV_winter_N7.json","5443","D0D5E9F9AE0F19B521781BE1C2B14026796D84640C29167C90DB79CC1199927D"
"artifacts\dlinear\checkpoints\low_PV_winter_N7.pt","501085","A3B57527BF8E59F4D42E2024F039366DA2CB895E98E8EECB63F9EEA71E05D950"
"artifacts\dlinear\checkpoints\low_PV_winter_N90.json","5472","CAB44A5E0D06431DC14CA0B2841794626AF1385C39F1F71D2F24E4A5E25AAD05"
"artifacts\dlinear\checkpoints\low_PV_winter_N90.pt","501085","F8910A4AE39D0FE16D9BD341F2C6067CC9C21A02A009D1B4BA3EAFDB87134E2B"
"artifacts\dlinear\checkpoints\operational_Load_202502_seed2026.json","5723","EFC15098354B7BE0DE66CB6A3954DB9E80D23018B81206551205395B4D44B845"
"artifacts\dlinear\checkpoints\operational_Load_202502_seed2026.pt","1164637","446BD5710E342D92B508F1A8B17B8EC9C9D1AF680D8E91A5356BF832FD88EB84"
"artifacts\dlinear\checkpoints\operational_Load_202503_seed2026.json","5722","9BE9E5EA446F24E68AFEA852E0681C5A8FCA80450910498058165C9F195B62D6"
"artifacts\dlinear\checkpoints\operational_Load_202503_seed2026.pt","1164637","C02AFCC0DBD0199993472718F368BFDACFD2696D1322F7D7AC31FC6706411BD2"
"artifacts\dlinear\checkpoints\operational_Load_202504_seed2026.json","5719","91650C47C55EACC8FF05195822361D2336986BEE5B2774672F9836E666CC06CA"
"artifacts\dlinear\checkpoints\operational_Load_202504_seed2026.pt","1164637","C9933A382C3ECBB64543DC1441E41DB25C77103226DC1CFF6B42FCF1B3677E61"
"artifacts\dlinear\checkpoints\operational_Load_202505_seed2026.json","5725","1A9CD7D39641B7680C56549B1A0A20DE806B8C815EB29901FBD83B74FA45A3A8"
"artifacts\dlinear\checkpoints\operational_Load_202505_seed2026.pt","1164637","DA8C7C5F2E2B0CB34ED9F3ADF9C21CFE91289CA9A19A7F3915A831875E21E007"
"artifacts\dlinear\checkpoints\operational_Load_202506_seed2026.json","5720","535744B304C78D42005F039BA3BC7B89FA3C57BD259174BD681C0F3AF0EDD408"
"artifacts\dlinear\checkpoints\operational_Load_202506_seed2026.pt","1164637","9E753177FD41D0886D56D212F09608E5F9C9539410A82AC9C4660A95286C37AF"
"artifacts\dlinear\checkpoints\operational_Load_202507_seed2026.json","5725","17ADCDF776ED1F143EF2C78FA1F83E139AB9281097BF7F6B2956C5D7337BB7AE"
"artifacts\dlinear\checkpoints\operational_Load_202507_seed2026.pt","1164637","620D0B8A2367294D38BBC0C91A5B8811F2DBB42790C737F35F6F0472380B5F1A"
"artifacts\dlinear\checkpoints\operational_Load_202508_seed2026.json","5707","8CF36D87AF35083C2553D5DDB5C118664E5F8C186466C5541913A6C0FDED5389"
"artifacts\dlinear\checkpoints\operational_Load_202508_seed2026.pt","1164637","D12F469C041CB3753240B4578AD67055F322CD8FCDDDF57C66D046DCC2AD3F9E"
"artifacts\dlinear\checkpoints\operational_Load_202509_seed2026.json","5701","44CFF0E0890A364055E058D0EB5E5597FF5112B5FDADE43CDDCEF90E51DFA097"
"artifacts\dlinear\checkpoints\operational_Load_202509_seed2026.pt","1164637","B41B04364A111A21F2E9D4DA1666709EF0D089E19873BD12A25E5DBDAE558F5E"
"artifacts\dlinear\checkpoints\operational_Load_202510_seed2026.json","5706","768B58AEEDF1C62F87DD38B37941FB03CD051CEED49292AAEB82F2D8B02DDBC5"
"artifacts\dlinear\checkpoints\operational_Load_202510_seed2026.pt","1164637","E426A7D666516EA97F27A2E15F36D9F1E39023133965C0D17FF64CE536181E88"
"artifacts\dlinear\checkpoints\operational_Load_202511_seed2026.json","5701","289558E13ACD3DC0BEF66C6097E6F0FC6769E8084E015D5C4F4A021C04651DD7"
"artifacts\dlinear\checkpoints\operational_Load_202511_seed2026.pt","1164637","941D12B70D96E7C637F94DF396CA66F300763BDA9CEFA27B8CFDA1CECF92B036"
"artifacts\dlinear\checkpoints\operational_Load_202512_seed2026.json","5706","629F4315FDAEC2881E2B3CDC374415947EFF03078491CC4F28BD88C49F42B8A8"
"artifacts\dlinear\checkpoints\operational_Load_202512_seed2026.pt","1164637","CC7674F21E540BB14D4FACC0525D8875161C1BDBAE1445F96FD8270D637B4A4F"
"artifacts\dlinear\checkpoints\operational_PV_202502_seed2026.json","5465","475EAC1F2D492EC14DD7BD9EBEF9E10196E40BD2A0E6F935081228275DC09775"
"artifacts\dlinear\checkpoints\operational_PV_202502_seed2026.pt","501085","AA6F2607DAFBF7090916E668D72BD55A8C52680EE5DB1DC74AE1C3BD0B5C7DF1"
"artifacts\dlinear\checkpoints\operational_PV_202503_seed2026.json","5470","C39630286AC415ADD23DFC70BD03EA31D548733A5F02FADF801D50EA9EC6B2C0"
"artifacts\dlinear\checkpoints\operational_PV_202503_seed2026.pt","501085","5B31CF5C621C4908A0E376F26CA7C0893B18B35145AC91AD5C8E742C4D6495B4"
"artifacts\dlinear\checkpoints\operational_PV_202504_seed2026.json","5466","FEEABF0B688C47CDD0EE1B408213910F03C4A42E9E7145024B31A328D5C8783D"
"artifacts\dlinear\checkpoints\operational_PV_202504_seed2026.pt","501085","4627D6575D1E00F65626D55AE9CE02F867F579D8B702AACED3AE04989F9BDB57"
"artifacts\dlinear\checkpoints\operational_PV_202505_seed2026.json","5473","0BC97C5A8813E9874A1B2B80FFA7A89107E0761B6FA20C50DF774DE7D645D620"
"artifacts\dlinear\checkpoints\operational_PV_202505_seed2026.pt","501085","8176F688430A6672AAD5492E5A64388265CFE4E21627A6B1C0FF2A87FBBE5E3C"
"artifacts\dlinear\checkpoints\operational_PV_202506_seed2026.json","5474","197E78296BF1AB951C15118B8F9E1F6525895A54EA25403C65129E363703AFF2"
"artifacts\dlinear\checkpoints\operational_PV_202506_seed2026.pt","501085","392CAF2D2C3029E8ECA684327EA80A355BAEB149FD651BB31C081832F1C4E560"
"artifacts\dlinear\checkpoints\operational_PV_202507_seed2026.json","5471","28B85E4E2731E75600DFA8C9C8E753FB749CF19A6EBA39726FDC616203BFB86B"
"artifacts\dlinear\checkpoints\operational_PV_202507_seed2026.pt","501085","E524483A4842C1467D14FB02CA4CB6D10AB41543F2B0954FF68022A2C5359FC0"
"artifacts\dlinear\checkpoints\operational_PV_202508_seed2026.json","5469","12E76516C361164C418DD8261691D26EB4B439817C933D4E31B379290DA18689"
"artifacts\dlinear\checkpoints\operational_PV_202508_seed2026.pt","501085","6733464CF50AA3CAB44490B141A9215985A172FE3470B0FBABD1DC08636F019F"
"artifacts\dlinear\checkpoints\operational_PV_202509_seed2026.json","5471","16439799A3CD0A594C9173781712B3AC3BEEA49F239759AAB6DD73252A0CE1BE"
"artifacts\dlinear\checkpoints\operational_PV_202509_seed2026.pt","501085","686872D3C657AC9EF139F378F6B15316EAC4C8227C5D1524BAC35DE7DB06FD6C"
"artifacts\dlinear\checkpoints\operational_PV_202510_seed2026.json","5463","D58E6B7048E2FF885E526261C58FDBC1F81CAF02BBB0C14E3E53C92143906BD6"
"artifacts\dlinear\checkpoints\operational_PV_202510_seed2026.pt","501085","918B9A2AC336D9B4CD534082E06B03022D484E111B073AA2FEE9BACD8B3B2B94"
"artifacts\dlinear\checkpoints\operational_PV_202511_seed2026.json","5470","A8C2922AAEF244483AC7638B57E077C6D8412BC89817D2F37140B7024237CA51"
"artifacts\dlinear\checkpoints\operational_PV_202511_seed2026.pt","501085","8A6D44AFF296E5625D7FD71DE5113C8EEF2C31C91B874BA7192C15C823999697"
"artifacts\dlinear\checkpoints\operational_PV_202512_seed2026.json","5468","ADF380CB6171E95B0AD203D661C3AC80DD44F098094E04C43DF135B5EAC5DAE9"
"artifacts\dlinear\checkpoints\operational_PV_202512_seed2026.pt","501085","A7AF67BADDD47AFD62635C1B9A133B950979F30A6B41EDFD79692B8F43717612"
"artifacts\dlinear\checkpoints\selection_Load_L1008.json","8191","8508FA6A098C65EC9F9C0E4F3115865A1BAEC0559DACACF5857D105B78DDD111"
"artifacts\dlinear\checkpoints\selection_Load_L1008.pt","1164637","5B0DA65E1D03CFC4C5FE967FA0A0F0FD658B91F7CD24092F016DEBF37C6D3058"
"artifacts\dlinear\checkpoints\selection_Load_L144.json","8099","F7180263E9C4C26FD1B5F261EDF7A0A7AB995DC37322482A1BEEEAC8AF6AB3BB"
"artifacts\dlinear\checkpoints\selection_Load_L144.pt","169245","98B6C40C41D82F4B3C7BB429776DE94F6EC5C1BCC1C52BF3690B1404D0475D69"
"artifacts\dlinear\checkpoints\selection_Load_L432.json","8112","000B9C4287A5AC505626513ADC7FF576D1E727323CC4A4D70B65D1F2805B7FA2"
"artifacts\dlinear\checkpoints\selection_Load_L432.pt","501085","2D05324FB66B5F9FB22A557AE928759FF3704FEA87E6A4540BADE88BE97E9D3E"
"artifacts\dlinear\checkpoints\selection_PV_L1008.json","3533","E17E50CD499EAB3BCAF6378EE6EB6E9D968D4ACC5FEAC89EE89C7D9592BF98AF"
"artifacts\dlinear\checkpoints\selection_PV_L1008.pt","1164637","A007D96430FCF333050CB11569540CC3449D424FCA46F2692A057044BC92D1B5"
"artifacts\dlinear\checkpoints\selection_PV_L144.json","8191","2E1F96EDC70DF71D589DD975549D9090122A4ED16C875E5428D9468BE5B48BD1"
"artifacts\dlinear\checkpoints\selection_PV_L144.pt","169245","ACC77CDD388D08E7FC69770EDDC3A06D65FB2AB1DD9A0D609F99B79EEDB3C6EA"
"artifacts\dlinear\checkpoints\selection_PV_L432.json","8203","81B4244520556E2DA80CDA784CDB518461A030DA470212373D5C27E840D1C89F"
"artifacts\dlinear\checkpoints\selection_PV_L432.pt","501085","A256A420ADD0FA0181AF94F8BB8C2A6C18C1DD0D347121C7DAEADCB31976479B"
"artifacts\dlinear\delivery_qa.json","272","B15E90F408218A404645980619933A0F02F8DE37AAD65CDDB17F87D5BC3F4DC8"
"artifacts\dlinear\environment.json","2294","B0701BAF332AB4B269222709705D755E2D9DF32220A9AA759C7D4FBFE3FD39C2"
"artifacts\dlinear\figures\horizon_comparison.png","160697","C7CFD0D7C277931E0A8A4E8EC06E163955A9AC5CCEC78B006AB1476B2BC9913A"
"artifacts\dlinear\figures\january_learning_curves.png","151048","F28EE3359E869F1F5B6FD09986BB79655623E2B2CA3626ED735AB6664A25784E"
"artifacts\dlinear\figures\load_low_data.png","161843","42AAA1DE8A50C1A40DFBFC0955EDAE09CBA381D479DE10ED447FBDAE04396164"
"artifacts\dlinear\figures\load_vs_dlinear.png","147544","82E9EEA2164804A41B32998B9076424F3A1DB275848D6C76E76A23C0840807EE"
"artifacts\dlinear\figures\monthly_comparison.png","123922","721FB8A486D8A94CAD0C2058BBE3C5DF5C075400B11B4B2C33CE0F2AE55C91FD"
"artifacts\dlinear\figures\pv_low_data.png","161168","64451E399D7892F953F2B2A5CE4F431A1F87B9AAA661DF6AB287A87966B81F9B"
"artifacts\dlinear\figures\pv_vs_dlinear.png","79418","29D9890A6C8DE747078E97CF58377FB0E28537F65EF23C4E770860934C6288E5"
"artifacts\dlinear\frozen_selection.json","431","32B22B18EB8668BDEDE2096E8E64501AD0B101BC149187205660FFB9671F4BB8"
"artifacts\dlinear\improvements.csv","78278","1D5257EC5BF3306EE2A9AB8CE32D55CCAB0FD7313B697F06FAEFF0796C6499DF"
"artifacts\dlinear\january_validation.csv","723","756888772A65CF8B81763DE37F301E36186442522B7897FC46784CECAD8D9563"
"artifacts\dlinear\low_data_status.csv","12998","016B82FD82F2ADD6A915AFB214BF4E8E5E63D5A16708DFFD2497CBCFA6765676"
"artifacts\dlinear\metrics_by_seed.csv","372","23D61B80864020A089CB0A0BF9EA8A8CE59C2010A1CCE424E06EC288754EDA44"
"artifacts\dlinear\metrics_dlinear_global.csv","357","4D686E67F194E53BEA7861E2ACFAA1EC11F62D9B1337EE6FC2324E7B61C245D0"
"artifacts\dlinear\metrics_dlinear_history_size.csv","1201","F66C8ECED21A1452CC37B8017E697BE99DD00E65A32BD746FD4B8FF669FE5D59"
"artifacts\dlinear\metrics_dlinear_horizon.csv","33215","319C8EF1F7B4A5F10177396881DF377873C3C8C54033495C218D638F65E7BD97"
"artifacts\dlinear\metrics_dlinear_monthly.csv","2955","8744F1DF5D6B3B76C1A5CAC57A90C50A3C67062367736F3CCCA614E44678F165"
"artifacts\dlinear\metrics_low_data.csv","40205","128E97668B42CBDE6541B6B1843B9490DF60E5331D05A91EE32BAE5FB317B47D"
"artifacts\dlinear\metrics_model_comparison.csv","1289","756302A16ACA1C53432835955F77808D23F20BF3A84082548B34D63B059683E2"
"artifacts\dlinear\metrics_seed_stability.csv","156","C77BCCD299A4B29DB53D674D1A3137FC9D438A2053C8C93C1373433DCB9D1ECC"
"artifacts\dlinear\multiseed_trigger.json","148","541B97D14D891B00EE0C0D95AE469B79B6F94762D4D2271FEE0ECFEFC7D784F3"
"artifacts\dlinear\output_manifest.json","32287","1CB93FDFDE30803D254141DBD152F82ECA8A33ECD065CB8AB4610609C4DD1386"
"artifacts\dlinear\predictions_low_data.csv","7894983","6D0CA791B7383764B3CDEC533B199031417E94D26DB4113DA8E4982EAFFA33FE"
"artifacts\dlinear\predictions_seed2026.csv","42269457","1DCB6CF515EBD6DD3A68B7DA4ADC68B2B2D762C104E93A3C6BEB176A76B90C27"
"artifacts\dlinear\run_status.json","208","20D4281189EAFC8E9A86964D803348CA4F867863DAD70D5EF2CDE53518510653"
"artifacts\dlinear\tests\learned_postflight.txt","103","F2236E2B30F31C177B12B5987905D8C851A76F1D720665A0B8B59562E80C86AD"
"artifacts\dlinear\tests\learned_postflight.xml","1221","5834C3B54AA0F5C6C014C0801CC2AE3EDBC64DCCED8B71EA24D94029D8D7315F"
"artifacts\dlinear\tests\learned_preflight.txt","104","3565953E6AF7932CD7F4F58756735B40F1B4975E72FF7A8C979916AF0F12ED54"
"artifacts\dlinear\tests\learned_preflight.xml","4294","0AE4EE2CBBF8CF0FB7C75A36CB6A577529A1CD0939846BAC2417B3F1A7291D43"
"artifacts\dlinear\tests\migration_regression.xml","7444","DC359E544BC828AF6BC015A49742E4FB86431927E9754AF2DEEBB2E88E814901"
"artifacts\dlinear\tests\seasonal_regression.txt","104","75BD6E217B930F377AD4D745736711B88DF77EEF8AB0A93D850B0FEEB8E30188"
"artifacts\dlinear\tests\seasonal_regression.xml","7444","0FA07307B8F1DDC6D1FB0FF2C89E810E62AC3D26F57BFDC61CDCADFD38BFEF0C"
"artifacts\dlinear\training_sample_audit.csv","28881","6A62ADD8B202F01E2CA0BED08300AED43E3D6072EB45B8FE029FF2301B2AADDC"
"artifacts\figures\baseline_overview.png","60332","464FA62FE7C749E8709DAFA1BE711C0BDB2BFC345DAFCF05C22634A155A0CD8A"
"artifacts\figures\load_actual_vs_b1.png","143529","2B32CF32251BE84802C93615F52F639DF4E2E0D3334D12FE9978333DE9502D00"
"artifacts\figures\load_actual_vs_b2.png","141421","430A704B7F818AA02DA1801FC8F11BF4C09FC040823F352C5CB4C99D43EF35D0"
"artifacts\figures\load_actual_vs_b3.png","113615","112A09BFB10CA07761B3252977C5E858C69F3A0775A41113F8915057C954C302"
"artifacts\figures\load_horizon_mae.png","131287","81FA08EC82E2102969ABC626885BD689B3FEC5BD68893CAB87129E863B625E7E"
"artifacts\figures\load_monthly_mae.png","97067","16F628978EC04FA3424627B43D281C937316DDD28CAD7D94FE2E10A1B13F3F8F"
"artifacts\figures\mae_vs_available_history_days.png","345976","145ECC1F00C683747C650710466166F32B520CE2C926436CC3764E9649188B44"
"artifacts\figures\pv_actual_vs_b1.png","82316","8C7DABCBD38845234C7582B788A3842F7C87E2D85437E83BC20CCD88E3A12753"
"artifacts\figures\pv_actual_vs_b2.png","84527","81F9167641E286944123215B86584C2047A0EFDA144B6DEA7A3652469E9D6037"
"artifacts\figures\pv_actual_vs_b3.png","80919","5D5AABD129C3C3AD7B9C47EAD094427412BA07E0DF6F237F668EA660DE3FFCA2"
"artifacts\figures\pv_horizon_mae.png","82717","6D36272336F10673103B87D371C0EEBE75037681421A48811AE1EE273B466AA6"
"artifacts\figures\pv_monthly_mae.png","88286","B318BE8AFC8FFD45069B7718DBD4B777582E889D772102CA173021F6C6373BDF"
"artifacts\leakage_audit\causality_summary.json","407","F1729A8F2F57FBCA43FF79F0432B2EDEEB709429D15FE1F13E60D594EBD99733"
"artifacts\leakage_audit\final_verification.json","362","6EF34576E328F6F38A661FA4BA831810FAFC5BE8056F573BD32E3CB57383DB6A"
"artifacts\leakage_audit\postflight_tests.txt","103","23E78BA7D8C3E43A5CC0510C5423C6272E9D8B362A67368BEE15DFA3EC1BD9F9"
"artifacts\leakage_audit\postflight_tests.xml","2135","B9BAABBDDDC362D4358D7AABD266A1DF8DA4021E74CA2E952555FDD446DD3B0B"
"artifacts\leakage_audit\preflight_tests.txt","103","81B00475049A4EB254D394CE3AB161E97342E3D35BE6297F0CC45932FE924F8C"
"artifacts\leakage_audit\preflight_tests.xml","5560","04E7A6F1ABAF7584719B5A3801B1BFE5C36FB56308E0A76619C4CA180E978252"
"artifacts\metrics\metric_definitions.json","636","91053B3CC4826BA8DD9253749E75A83813EA986C695E1CF59D49B0E6B7AC3BE6"
"artifacts\metrics\metrics_daily.csv","350474","DDB70D6231E4365F68BD8AB31F749DF920613E29B8790745ABC26F017F4B17A2"
"artifacts\metrics\metrics_exact_31_days.csv","1012","17846C0D54DF10A8E6261D6B29A61755544C2CA70E072BF2EFC534A9D91F0894"
"artifacts\metrics\metrics_global.csv","1040","C236B1FC783A597DD2EE4921AC226D924C280389FD66B1309A59BD7BF9945583"
"artifacts\metrics\metrics_history_size.csv","4301","7D3D8248A47116A5DC0C3C1374EEAAF2C057463F5B1930D5A4BD5185B21CB92D"
"artifacts\metrics\metrics_horizon.csv","120279","4D4D0DE2753E2D20633DE594BF785820C027D866DC1139FA6BFA29EBCAD2E757"
"artifacts\metrics\metrics_monthly.csv","11111","99DDED71778A2502DB38848C9038EBFC38A23659F8ACE32D6D5CC7E0EFC2DB3E"
"audit_data.py","13185","C67F6093FCA1D8A768F651F08F0CF5D3286854617437BF94779E208572FB8628"
"audit_extras.py","16167","DA77811F6059119EAB0190AA4BA872BE8B764DA906EAAB3090ABCA0FDBF2DE3F"
"BASELINE_REPORT.md","10737","F3D69407C76B28F98365BE07B02817957DE12E9D1462F56FD036006361232BB5"
"build_baseline_report.py","12694","FCA2BCB7710F1011BA9DED25D34BBB51BB94FDD5B8DA8047D13EE17B2BA99C10"
"configs\audit.json","309","635F6750323C88F7A69B65BD1223A272AB79CFCDF0DEB342BB9497816AED5C8C"
"configs\baselines.json","824","F549C44D1298BB9FDEBAF2DE0B248E04FF2E35D2CD977C5C2D3DF1710A01C65A"
"configs\dlinear.json","1347","E23528230B1E3AD9A0CE0E397F46FC4E05D928547FB45C0B499816CC3A4234CC"
"DATA_AUDIT.md","21426","F1B8DC57ED45EBFC10EE9590B54E7D224E15611CEA468AD8C82F52715EF6D738"
"dlinear_core.py","11102","57B290D01B99F42A3713C0046DAEFCB61C82E56D0B8103609C06EB940B52276F"
"dlinear_plots.py","4119","2B59EB13757FB25DD41F074F4949549684316E50421719A66D222A96BFDB257F"
"DLINEAR_PROTOCOL.md","2806","EA784DD1E61F76A35FA6713FA48562A0B572028F350E7DFF271B782A710AABA1"
"evaluate_all.py","8064","D280B3DE0240D45CBD3CB0C71B126960A26D589C9803C3A38B02EEF84102877E"
"inputs\C题\附件\附件2.xlsx","907128","2E95FD446BFAFA0D8C59577B5C2E2EA8B3F1DEF20DDE54A3062556F4DA9B4C72"
"inputs\C题\C题.pdf","354389","2C098F6AE9DD47AE965AEBDEC3B9FACF3DE6C173F999783C1012C08FC5FB9D2D"
"inspect_boundaries.py","1193","9254272E04604D63B885E5D30486B22FDF6B525FC9A083C2B666CE049E839F94"
"inspect_inputs.py","1141","80ED62BA48E160F468F1F3E8265C21FCF1068AEC4C0572D7D0FE436F3922D1C5"
"MIGRATION.md","333","9687C1827D283F316EA9C658006BD9BABA5194EEC842725EE1C66486362F9417"
"MODEL_COMPARISON.md","12735","F3A8D764589DF95419DCBC45A8BEB501EDED75C20988EB196A2E379416AA6D69"
"MODEL_SELECTION.md","2676","6E9AA2958174BB5D4E5DAA1102A5C35043D8F9EBBC53C5C9B6A6696B2F53E411"
"polish_report.py","1045","B7B8893E0EBB336D25AC86E42B2AD76ABA5554D8320A59DF7A4197AE02727E11"
"prepare_dlinear.py","1479","5B7E3CB1CA4B792C895C3D3A1C45B8ACB73B09A8C93B4E2443FD76F07A539F74"
"pytest.ini","42","88484337E8158C767D8467A70477CEEA9CA945BE95B08325DB5EB2F301E6E75C"
"README.md","3741","DCC6D8D79AC3C0CABE809BBB34AC0EA14D797E2DFA19703675B8A668FE537F3A"
"report_dlinear.py","11977","4FBEA64EAA5FEAB4F075CEB53B8727CC0ED95B6BC22720C2E01CF6CF0E886140"
"requirements-audit.txt","78","D2C00C6C4D7E1B26D98627664FC90B321AC6BD16ECB14D7821227BA3CAA956FD"
"requirements-baselines.txt","81","3D1A39A027AA8DC790497BC111CB65B47C65A69C89E2AFC2AE68C92A8E8F3BF8"
"requirements-dlinear.txt","159","4ECA24416787C601F81DD5014204917855BFF509439DF13A8933BD65023DBBE7"
"run_audit.py","1050","475FCDE5A5FBA6471B4525BD133E32088EE59D3F473475E4D82604358CCF2DEE"
"run_baselines.py","8688","FA938517060B438EF1F9B0D3F00EEC885B1A459DC44D0BBCA501BBCD95EC99D0"
"run_dlinear.py","12524","C9C064D06AD4BBA0E742ADA4DF8D0DFC4AB2634A57ED1771DE6C29FAC1EAEF17"
"seasonal.py","8038","47DAEA1E9963C58597CA8C182247E627FB3ED1CE3A5B0A1FC0D8A9E9B72EA45C"
"tests\__pycache__\test_dlinear_artifacts.cpython-312-pytest-9.1.1.pyc","55440","AF83AFA084357B8133CD218E590FB8ABBE3B8ACB960F282E7FFEAD5DCF81B530"
"tests\__pycache__\test_dlinear_artifacts.cpython-312.pyc","11553","09673DFAEED735832527854227DBAE611CE02C3B5DFB87BDBB24AEF371833B8F"
"tests\__pycache__\test_dlinear_causality.cpython-312-pytest-9.1.1.pyc","27821","4970430176554EA946E354AD73FB197F848EBC1EF353414F492A4659556F9F95"
"tests\__pycache__\test_dlinear_causality.cpython-312.pyc","8550","4069AEF65B85470A3DB042F31913CD5B27BBE60859A6843121633489B3B0CE50"
"tests\__pycache__\test_event_causality.cpython-312-pytest-9.1.1.pyc","44521","0FD48EA5757878E74B67D25FD5608BACF1F927EF257A175764722998936028AB"
"tests\__pycache__\test_prediction_artifacts.cpython-312-pytest-9.1.1.pyc","51958","5A18E6D042D9E72CD5CC0E0A33EFA354B1619AB8B3D5D14DB1325DA27B271D11"
"tests\test_dlinear_artifacts.py","5628","87B22D7C6A3A6811BEBEABA7877E92E27EFEEE6FEEE87B4D2F1321E03A977A17"
"tests\test_dlinear_causality.py","4069","684E43EF55ED95566DB25E0F789D22081CA2604FB1A0C6D0B7875D85001C9F02"
"tests\test_event_causality.py","7998","1C8ABA589814612BF5F2BA7683C86E233B0B75E4EC34C54299AA4C8B3F4D6595"
"tests\test_prediction_artifacts.py","5934","9156F133F01B723AA3603AB7AF8D0E2B9AF2076579E3BA64CC1E9A547BBEC0FB"
"TIME_ALIGNMENT_ISSUES.md","3282","AF27C76D5518FFCD09BCAE289DCA9D33982DA6BE4E6CFCACF5E591F0656C4332"
"TIME_PROTOCOL.md","2476","102A5A65F776D480C542F61E2CBA0D1AD27F864C850799210B87D8095F000A51"
"vendor\tslib\layers\__init__.py","0","E3B0C44298FC1C149AFBF4C8996FB92427AE41E4649B934CA495991B7852B855"
"vendor\tslib\layers\__pycache__\__init__.cpython-312.pyc","170","2E8010CFFEE4F01051677F9E005D2097D70A2D6674CF00945B423A9D09D0F250"
"vendor\tslib\layers\__pycache__\Autoformer_EncDec.cpython-312.pyc","11655","DF7CB77F2EC8C0FDD500720D3BBEB6DB357A04D529D968102CDD47749B8E5759"
"vendor\tslib\layers\Autoformer_EncDec.py","7034","F69C563C6F7A59ED77769FA26380B583FE63E17A8DEB5EE6573A923CCCC7D8E7"
"vendor\tslib\LICENSE","1105","3892254202FC16573828D34EC901AB765D8EB73A03D174B131A49771ADCD8D64"
"vendor\tslib\models\__init__.py","0","E3B0C44298FC1C149AFBF4C8996FB92427AE41E4649B934CA495991B7852B855"
"vendor\tslib\models\__pycache__\__init__.cpython-312.pyc","170","7D8B5F9AB852D4E0F57AFD93D43738AB9A7695865CCEA4BD5C35D47D58D58ADD"
"vendor\tslib\models\__pycache__\DLinear.cpython-312.pyc","6922","4957E57363DBDDF7BA085BA56CB44EA58AF494E1691C062F2FB2BEE7F8FF6229"
"vendor\tslib\models\DLinear.py","4611","CA5DD503827FB4CC49CA4CF76BA5FBA26FFE22A4E765C2C494590741359F33D5"
"vendor\tslib\PROVENANCE.json","882","45ED5575693D07BD16D719ECAFA3EEB8BF0490E88BB994D85F5BE41334454047"
"verify_audit_outputs.py","1493","C70ADBFBE54507085CCF101D7A3CD0FE319868AF5AF50925FB1E193FC87FBFE0"
"verify_baseline_outputs.py","6245","3085DB18B27864B678C7A17264F2653FB2DE9798FF895935430F247099DB8A12"
"verify_dlinear_outputs.py","2923","1E82A407D2DD78D082F54C82ACEC8B8AC36818C4884B9C7419ABBB8E26B8B60A"
