metric_scope,baseline_model,target_dataset,target_metric,unit,decision_minute,horizon_bucket,issue_count,n,mae,rmse,wape_pct,smape_pct,bias,mean_pinball_loss,q10_q90_coverage_pct,q10_q90_mean_width
all_revision_forecasts_pooled,TiRex_historical_only,A2_LOAD,load_kw,kW,0,0-6h,334,12024,323.84364472,448.78913810,9.17532306,9.45660512,77.51735573,128.85883286,80.30605456,983.76269409
all_revision_forecasts_pooled,TiRex_historical_only,A2_LOAD,load_kw,kW,0,6-12h,334,12024,844.29148861,1183.40193806,15.66922596,17.10452352,166.42293474,348.51364510,67.96407186,1598.27247257
all_revision_forecasts_pooled,TiRex_historical_only,A2_LOAD,load_kw,kW,0,12-18h,334,12024,914.47069170,1330.24678633,16.40943672,18.26569045,216.12572486,381.68826999,71.88955422,1817.14946901
all_revision_forecasts_pooled,TiRex_historical_only,A2_LOAD,load_kw,kW,0,18-24h,334,12024,594.48307890,760.66138576,14.94971868,15.67735609,-17.98790332,236.89262429,76.98769128,1711.45049775
all_revision_forecasts_pooled,TiRex_historical_only,A2_LOAD,load_kw,kW,360,0-6h,334,12024,355.64284415,520.57687161,6.60038406,7.12598880,-3.33436796,139.41976942,87.36693280,1374.89618970
all_revision_forecasts_pooled,TiRex_historical_only,A2_LOAD,load_kw,kW,360,6-12h,334,12024,565.25210361,892.42468408,10.14299169,11.42809367,54.66295990,224.78885833,80.88822355,1692.78484159
all_revision_forecasts_pooled,TiRex_historical_only,A2_LOAD,load_kw,kW,360,12-18h,334,12024,406.27612942,515.07593694,10.21679852,10.86894614,21.57390030,161.93945528,89.87025948,1792.03168224
all_revision_forecasts_pooled,TiRex_historical_only,A2_LOAD,load_kw,kW,360,18-24h,333,11988,429.37446938,587.29898911,12.15824342,12.49529336,130.26188146,189.24060664,81.84017351,1793.74253807
all_revision_forecasts_pooled,TiRex_historical_only,A2_LOAD,load_kw,kW,720,0-6h,334,12024,246.45862190,374.97138037,4.42250058,5.03595210,40.82089072,99.34300124,88.77245509,1005.23679643
all_revision_forecasts_pooled,TiRex_historical_only,A2_LOAD,load_kw,kW,720,6-12h,334,12024,295.05913355,367.91553847,7.41997745,8.01774485,39.85080511,119.01751203,93.03060546,1410.14018600
all_revision_forecasts_pooled,TiRex_historical_only,A2_LOAD,load_kw,kW,720,12-18h,333,11988,382.20908882,533.00352610,10.82270016,11.17735828,78.47340306,169.43987634,80.77243911,1582.21352863
all_revision_forecasts_pooled,TiRex_historical_only,A2_LOAD,load_kw,kW,720,18-24h,333,11988,920.09762738,1322.39919549,17.06128475,18.69153530,122.54514707,378.90127016,71.74674675,1984.20161501
all_revision_forecasts_pooled,TiRex_historical_only,A2_LOAD,load_kw,kW,1080,0-6h,334,12024,229.80482706,295.25228225,5.77899967,5.94770949,-82.11904263,92.42916870,90.33599468,1029.90998320
all_revision_forecasts_pooled,TiRex_historical_only,A2_LOAD,load_kw,kW,1080,6-12h,333,11988,433.69588755,593.72528713,12.28060946,12.74785071,43.85746191,187.05431035,73.02302302,1351.50297942
all_revision_forecasts_pooled,TiRex_historical_only,A2_LOAD,load_kw,kW,1080,12-18h,333,11988,879.82919585,1294.22063744,16.31459097,17.91683767,31.77279185,370.32330740,69.86986987,1764.70107997
all_revision_forecasts_pooled,TiRex_historical_only,A2_LOAD,load_kw,kW,1080,18-24h,333,11988,1019.05107833,1432.12719785,18.26470472,20.34794315,47.88225710,424.46377777,69.44444444,2000.10132099
all_revision_forecasts_pooled,TiRex_historical_only,A2_PV_ACTUAL,pv_actual_kw,kW,0,0-6h,334,12024,12.22898807,41.89107392,38.99590280,84.04904635,-0.54816650,5.71772522,98.33666001,102.60010026
all_revision_forecasts_pooled,TiRex_historical_only,A2_PV_ACTUAL,pv_actual_kw,kW,0,6-12h,334,12024,363.63478235,488.43505664,7.52116319,17.15588105,-126.34342223,145.51799491,76.19760479,1145.12331317
all_revision_forecasts_pooled,TiRex_historical_only,A2_PV_ACTUAL,pv_actual_kw,kW,0,12-18h,334,12024,392.47870944,511.43372135,8.47728549,24.87446312,-237.60141943,156.24363645,78.45143047,1321.94531518
all_revision_forecasts_pooled,TiRex_historical_only,A2_PV_ACTUAL,pv_actual_kw,kW,0,18-24h,334,12024,19.04588232,54.26888119,97.84814047,146.38407564,0.57416475,7.76224297,68.34664005,93.59215972
all_revision_forecasts_pooled,TiRex_historical_only,A2_PV_ACTUAL,pv_actual_kw,kW,360,0-6h,334,12024,334.37188039,463.77595461,6.91591014,14.21633294,-97.19748248,134.83887952,76.92115768,1022.76389114
all_revision_forecasts_pooled,TiRex_historical_only,A2_PV_ACTUAL,pv_actual_kw,kW,360,6-12h,334,12024,515.55593330,658.97753322,11.13567368,33.99677535,-394.08837876,195.18342212,67.48170326,1158.17617878
all_revision_forecasts_pooled,TiRex_historical_only,A2_PV_ACTUAL,pv_actual_kw,kW,360,12-18h,334,12024,23.35650051,87.95230061,119.99392337,148.86091001,-8.52517675,8.52145094,78.12707917,61.47452932
all_revision_forecasts_pooled,TiRex_historical_only,A2_PV_ACTUAL,pv_actual_kw,kW,360,18-24h,333,11988,41.32075403,90.81721108,131.36957856,188.92078276,40.93965744,16.57825775,72.18885552,177.26869495
all_revision_forecasts_pooled,TiRex_historical_only,A2_PV_ACTUAL,pv_actual_kw,kW,720,0-6h,334,12024,419.24469200,542.56161753,9.05541335,26.77782227,-320.99329258,159.37356362,71.36560213,1103.48973391
all_revision_forecasts_pooled,TiRex_historical_only,A2_PV_ACTUAL,pv_actual_kw,kW,720,6-12h,334,12024,25.70285001,90.86875071,132.04828408,180.44084061,-6.82371198,8.96652774,79.75715236,80.07511491
all_revision_forecasts_pooled,TiRex_historical_only,A2_PV_ACTUAL,pv_actual_kw,kW,720,12-18h,333,11988,31.39183220,57.37325319,99.80291654,183.30690424,27.10985276,13.46247926,73.64030697,131.82171087
all_revision_forecasts_pooled,TiRex_historical_only,A2_PV_ACTUAL,pv_actual_kw,kW,720,18-24h,333,11988,353.27745733,482.96875828,7.30137286,16.09087509,-121.78460661,144.53685479,80.35535536,1273.34416761
all_revision_forecasts_pooled,TiRex_historical_only,A2_PV_ACTUAL,pv_actual_kw,kW,1080,0-6h,334,12024,15.45063793,23.80300972,79.37758752,182.51572408,13.81104453,6.37042751,74.26813041,73.29791876
all_revision_forecasts_pooled,TiRex_historical_only,A2_PV_ACTUAL,pv_actual_kw,kW,1080,6-12h,333,11988,31.10235087,57.09159870,98.88257901,176.15521298,24.71630633,12.88428469,76.26793460,136.79269604
all_revision_forecasts_pooled,TiRex_historical_only,A2_PV_ACTUAL,pv_actual_kw,kW,1080,12-18h,333,11988,346.19524432,470.52146756,7.15500100,16.42199524,-60.84386779,139.88779500,79.20420420,1223.55607026
all_revision_forecasts_pooled,TiRex_historical_only,A2_PV_ACTUAL,pv_actual_kw,kW,1080,18-24h,333,11988,356.61654366,476.81350208,7.69644950,20.63645014,-181.36862399,148.68585517,83.48348348,1467.99172956
all_revision_forecasts_pooled,TiRex_historical_only,A4_PRICE,electricity_price_cny_per_kwh,CNY/kWh,0,0-6h,334,12024,0.04991649,0.06361997,11.17003117,11.47491995,-0.01032992,0.01946362,83.12541583,0.17893096
all_revision_forecasts_pooled,TiRex_historical_only,A4_PRICE,electricity_price_cny_per_kwh,CNY/kWh,0,6-12h,334,12024,0.12269397,0.15049124,14.68509677,16.76240925,-0.04783573,0.04837935,60.58715902,0.27185884
all_revision_forecasts_pooled,TiRex_historical_only,A4_PRICE,electricity_price_cny_per_kwh,CNY/kWh,0,12-18h,334,12024,0.11824893,0.14908708,14.35293008,16.25797636,-0.00604953,0.04676167,70.35096474,0.31225606
all_revision_forecasts_pooled,TiRex_historical_only,A4_PRICE,electricity_price_cny_per_kwh,CNY/kWh,0,18-24h,334,12024,0.07430773,0.09450099,8.04313417,9.62115399,0.01676819,0.02930148,86.11111111,0.28927869
all_revision_forecasts_pooled,TiRex_historical_only,A4_PRICE,electricity_price_cny_per_kwh,CNY/kWh,360,0-6h,334,12024,0.09058364,0.11698518,10.84184863,12.74862668,-0.03093854,0.03572949,69.13672655,0.22714823
all_revision_forecasts_pooled,TiRex_historical_only,A4_PRICE,electricity_price_cny_per_kwh,CNY/kWh,360,6-12h,334,12024,0.09374960,0.12027047,11.37922790,13.09530805,0.00647146,0.03711675,77.35362608,0.30402556
all_revision_forecasts_pooled,TiRex_historical_only,A4_PRICE,electricity_price_cny_per_kwh,CNY/kWh,360,12-18h,334,12024,0.06499461,0.08191045,7.03507417,8.65220908,0.00064589,0.02647160,95.03493014,0.32416968
all_revision_forecasts_pooled,TiRex_historical_only,A4_PRICE,electricity_price_cny_per_kwh,CNY/kWh,360,18-24h,333,11988,0.05427841,0.07021027,12.14022714,12.11605854,0.01861304,0.02305475,92.57590924,0.28616176
all_revision_forecasts_pooled,TiRex_historical_only,A4_PRICE,electricity_price_cny_per_kwh,CNY/kWh,720,0-6h,334,12024,0.06437068,0.08126928,7.81324477,8.68929125,0.02833703,0.02511506,85.63705921,0.24215021
all_revision_forecasts_pooled,TiRex_historical_only,A4_PRICE,electricity_price_cny_per_kwh,CNY/kWh,720,6-12h,334,12024,0.05613981,0.07180890,6.07662247,7.90007544,0.01865683,0.02274764,94.41949434,0.27615194
all_revision_forecasts_pooled,TiRex_historical_only,A4_PRICE,electricity_price_cny_per_kwh,CNY/kWh,720,12-18h,333,11988,0.05942500,0.07576322,13.29134335,13.17948320,0.01772331,0.02419487,90.19853187,0.27546452
all_revision_forecasts_pooled,TiRex_historical_only,A4_PRICE,electricity_price_cny_per_kwh,CNY/kWh,720,18-24h,333,11988,0.11026571,0.14409368,13.19416994,15.38251996,-0.02345307,0.04473085,73.44844845,0.32756486
all_revision_forecasts_pooled,TiRex_historical_only,A4_PRICE,electricity_price_cny_per_kwh,CNY/kWh,1080,0-6h,334,12024,0.04809578,0.06219655,5.20592956,6.92166543,-0.01509058,0.01927091,90.66866267,0.21248583
all_revision_forecasts_pooled,TiRex_historical_only,A4_PRICE,electricity_price_cny_per_kwh,CNY/kWh,1080,6-12h,333,11988,0.06686422,0.08527915,14.95524264,15.81640593,-0.02061224,0.02640596,81.32298966,0.23970212
all_revision_forecasts_pooled,TiRex_historical_only,A4_PRICE,electricity_price_cny_per_kwh,CNY/kWh,1080,12-18h,333,11988,0.11932501,0.15448025,14.27818689,16.68349614,-0.04264912,0.04860392,65.72405739,0.28639583
all_revision_forecasts_pooled,TiRex_historical_only,A4_PRICE,electricity_price_cny_per_kwh,CNY/kWh,1080,18-24h,333,11988,0.11884045,0.15583358,14.41760163,16.36928443,-0.00031936,0.04836907,70.33700367,0.30625128
