metric_scope,baseline_model,target_dataset,target_metric,unit,decision_minute,lead_bucket,issue_count,n,mae,rmse,wape_pct,smape_pct,bias
all_hourly_revision_forecasts_pooled,TiRex_historical_only,A2_PV_ACTUAL,pv_actual_kw,kW,0,1-6h,334,2004,23.32456393,68.94247028,32.93440218,71.46972838,-5.79143317
all_hourly_revision_forecasts_pooled,Official_Attachment3,A2_PV_ACTUAL,pv_actual_kw,kW,0,1-6h,334,2004,3.03463882,13.85094628,4.28492536,0.42768422,-0.42994481
all_hourly_revision_forecasts_pooled,TiRex_historical_only,A2_PV_ACTUAL,pv_actual_kw,kW,0,7-12h,334,2004,385.64093910,510.25572449,7.23409984,11.49317393,-114.29343773
all_hourly_revision_forecasts_pooled,Official_Attachment3,A2_PV_ACTUAL,pv_actual_kw,kW,0,7-12h,334,2004,361.53583298,509.70926467,6.78192082,6.49244729,-47.45098209
all_hourly_revision_forecasts_pooled,TiRex_historical_only,A2_PV_ACTUAL,pv_actual_kw,kW,0,13-18h,334,2004,358.38150396,475.98995996,8.72027239,32.36257675,-222.59229992
all_hourly_revision_forecasts_pooled,Official_Attachment3,A2_PV_ACTUAL,pv_actual_kw,kW,0,13-18h,334,2004,382.36201622,560.01030733,9.30377516,9.31928110,-66.90696103
all_hourly_revision_forecasts_pooled,TiRex_historical_only,A2_PV_ACTUAL,pv_actual_kw,kW,0,19-24h,334,2004,9.99441863,14.44089363,19929.16909593,131.00204999,9.99441863
all_hourly_revision_forecasts_pooled,Official_Attachment3,A2_PV_ACTUAL,pv_actual_kw,kW,0,19-24h,334,2004,0.00619591,0.07430200,12.35482587,0.14659377,-0.00216088
all_hourly_revision_forecasts_pooled,TiRex_historical_only,A2_PV_ACTUAL,pv_actual_kw,kW,360,1-6h,334,2004,365.21435289,490.85610693,6.85092485,10.04977395,-107.36193876
all_hourly_revision_forecasts_pooled,Official_Attachment3,A2_PV_ACTUAL,pv_actual_kw,kW,360,1-6h,334,2004,156.60133792,244.42521888,2.93762824,2.47331207,-7.41068992
all_hourly_revision_forecasts_pooled,TiRex_historical_only,A2_PV_ACTUAL,pv_actual_kw,kW,360,7-12h,334,2004,512.14300459,659.78570581,12.46165456,47.91302414,-418.33393908
all_hourly_revision_forecasts_pooled,Official_Attachment3,A2_PV_ACTUAL,pv_actual_kw,kW,360,7-12h,334,2004,230.66668303,338.21064582,5.61266775,5.63708530,-18.93540409
all_hourly_revision_forecasts_pooled,TiRex_historical_only,A2_PV_ACTUAL,pv_actual_kw,kW,360,13-18h,334,2004,6.52821353,9.54166796,13017.45265372,143.48823560,6.52714389
all_hourly_revision_forecasts_pooled,Official_Attachment3,A2_PV_ACTUAL,pv_actual_kw,kW,360,13-18h,334,2004,0.00291492,0.04295621,5.81243781,0.07343931,0.00004865
all_hourly_revision_forecasts_pooled,TiRex_historical_only,A2_PV_ACTUAL,pv_actual_kw,kW,360,19-24h,333,1998,53.54070681,116.64182297,75.37340211,184.26034667,52.16265498
all_hourly_revision_forecasts_pooled,Official_Attachment3,A2_PV_ACTUAL,pv_actual_kw,kW,360,19-24h,333,1998,12.89258028,62.10078384,18.14988437,2.07062794,-1.32498949
all_hourly_revision_forecasts_pooled,TiRex_historical_only,A2_PV_ACTUAL,pv_actual_kw,kW,720,1-6h,334,2004,416.04153916,541.08642847,10.12327787,40.52738313,-323.52290816
all_hourly_revision_forecasts_pooled,Official_Attachment3,A2_PV_ACTUAL,pv_actual_kw,kW,720,1-6h,334,2004,70.39470514,100.52798434,1.71287022,2.06897306,5.22321292
all_hourly_revision_forecasts_pooled,TiRex_historical_only,A2_PV_ACTUAL,pv_actual_kw,kW,720,7-12h,334,2004,10.21137218,12.88525713,20361.78093905,181.72598185,10.21137218
all_hourly_revision_forecasts_pooled,Official_Attachment3,A2_PV_ACTUAL,pv_actual_kw,kW,720,7-12h,334,2004,0.00235788,0.03140033,4.70169154,0.04624228,-0.00086756
all_hourly_revision_forecasts_pooled,TiRex_historical_only,A2_PV_ACTUAL,pv_actual_kw,kW,720,13-18h,333,1998,36.80625964,71.27475563,51.81502400,175.73375778,23.31900016
all_hourly_revision_forecasts_pooled,Official_Attachment3,A2_PV_ACTUAL,pv_actual_kw,kW,720,13-18h,333,1998,7.75972482,34.21118505,10.92396598,1.13119703,0.27192262
all_hourly_revision_forecasts_pooled,TiRex_historical_only,A2_PV_ACTUAL,pv_actual_kw,kW,720,19-24h,333,1998,381.52601376,508.40949170,7.15182025,11.24542226,-131.59698585
all_hourly_revision_forecasts_pooled,Official_Attachment3,A2_PV_ACTUAL,pv_actual_kw,kW,720,19-24h,333,1998,781.95481376,1148.03856144,14.65797893,15.03765272,-161.81987913
all_hourly_revision_forecasts_pooled,TiRex_historical_only,A2_PV_ACTUAL,pv_actual_kw,kW,1080,1-6h,334,2004,12.48520379,20.34986810,24895.86904345,185.46791240,12.48520379
all_hourly_revision_forecasts_pooled,Official_Attachment3,A2_PV_ACTUAL,pv_actual_kw,kW,1080,1-6h,334,2004,0.00035833,0.00520666,0.71452736,0.00791369,-0.00018089
all_hourly_revision_forecasts_pooled,TiRex_historical_only,A2_PV_ACTUAL,pv_actual_kw,kW,1080,7-12h,333,1998,43.27650491,78.47061655,60.92368968,168.76887037,28.75035180
all_hourly_revision_forecasts_pooled,Official_Attachment3,A2_PV_ACTUAL,pv_actual_kw,kW,1080,7-12h,333,1998,5.85206657,26.72305148,8.23840761,0.83671703,-0.79549489
all_hourly_revision_forecasts_pooled,TiRex_historical_only,A2_PV_ACTUAL,pv_actual_kw,kW,1080,13-18h,333,1998,370.51840915,492.50749073,6.94547938,11.21870256,-55.72626323
all_hourly_revision_forecasts_pooled,Official_Attachment3,A2_PV_ACTUAL,pv_actual_kw,kW,1080,13-18h,333,1998,535.14065190,742.69965814,10.03137299,10.07134291,-100.14307753
all_hourly_revision_forecasts_pooled,TiRex_historical_only,A2_PV_ACTUAL,pv_actual_kw,kW,1080,19-24h,333,1998,326.36988914,445.46407213,7.93451841,26.72058953,-182.20966380
all_hourly_revision_forecasts_pooled,Official_Attachment3,A2_PV_ACTUAL,pv_actual_kw,kW,1080,19-24h,333,1998,523.24891627,762.51082953,12.72092892,13.46380829,-119.13242938
