series,model_dlinear,n_dlinear,mae_kw_dlinear,mean_abs_actual_kw_dlinear,daylight_n_dlinear,daylight_mae_kw_dlinear,rmse_kw_dlinear,nmae_dlinear,all_day_mae_kw_dlinear,nmae_defined_dlinear,model_baseline,n_baseline,mae_kw_baseline,mean_abs_actual_kw_baseline,daylight_n_baseline,daylight_mae_kw_baseline,rmse_kw_baseline,nmae_baseline,all_day_mae_kw_baseline,nmae_defined_baseline,absolute_improvement_kw,relative_improvement_pct,scope,month,horizon_step,history_size_group
Load,DLinear,48096,182.9798097839074,4616.7763833894705,0,,235.34594306993804,0.03963367392933383,,True,B2,48096,176.795721172,4616.77638339,0,,244.286614995,0.0382941919839,,True,-6.184088611907413,-3.4978723302308166,global,,,
PV,DLinear,48096,201.68984587527223,2378.8535422010145,26880,307.0545876980297,328.1107178278096,0.08478447382206657,201.68984587527223,True,B3,48096,153.399706725,2378.8535422,26880,274.384169926,303.857739256,0.0644847208975,153.399706725,True,-48.29013915027224,-31.47994229013885,global,,,
Load,DLinear,4032,172.68449112925097,4516.8965253224205,0,,218.553954642443,0.03823078305229155,,True,B2,4032,146.437921776,4516.89652532,0,,184.382033337,0.0324200302032,,True,-26.246569353250976,-17.923341874107763,monthly,2025-02,,
Load,DLinear,4464,135.70316004975805,4355.698995407706,0,,170.27318856728948,0.031155311740511088,,True,B2,4464,141.230024933,4355.69899541,0,,180.778014184,0.0324241930128,,True,5.526864883241956,3.9133781119587843,monthly,2025-03,,
Load,DLinear,4320,132.68204149842362,4392.976799050925,0,,166.8592101127948,0.030203219267419923,,True,B2,4320,125.522644606,4392.97679905,0,,156.911322801,0.0285734822532,,True,-7.159396892423615,-5.703669576829005,monthly,2025-04,,
Load,DLinear,4464,172.34001019019487,4401.677752688172,0,,219.99239061796965,0.0391532547072407,,True,B2,4464,160.478890726,4401.67775269,0,,208.959762264,0.0364585732401,,True,-11.861119464194871,-7.391077674163653,monthly,2025-05,,
Load,DLinear,4320,232.90231370856944,4800.372629444444,0,,288.9620359885741,0.04851754888360066,,True,B2,4320,210.343720069,4800.37262944,0,,287.128129396,0.0438182066907,,True,-22.558593639569438,-10.724633771889856,monthly,2025-06,,
Load,DLinear,4464,244.80742221423833,5337.258656070789,0,,307.13191252406085,0.04586763317827695,,True,B2,4464,288.268041286,5337.25865607,0,,383.711442411,0.0540105061159,,True,43.4606190717617,15.07646108735412,monthly,2025-07,,
Load,DLinear,4464,211.78923925297937,5045.177050336021,0,,264.6699452735369,0.04197855439758525,,True,B2,4464,183.778354503,5045.17705034,0,,231.552029987,0.0364265421548,,True,-28.01088474997937,-15.241666966564399,monthly,2025-08,,
Load,DLinear,4320,214.12262732904628,4535.910432824075,0,,274.76185672457314,0.04720609687959221,,True,B2,4320,241.896897361,4535.91043282,0,,346.410293795,0.0533292931912,,True,27.774270031953705,11.481862865940021,monthly,2025-09,,
Load,DLinear,4464,174.24105524894938,4347.019491330645,0,,218.85768794351205,0.04008287876243529,,True,B2,4464,137.434468772,4347.01949133,0,,182.866686671,0.0316157930845,,True,-36.80658647694938,-26.781190196187605,monthly,2025-10,,
Load,DLinear,4320,150.5295533,4337.671346689815,0,,187.1183825917941,0.03470284889491981,,True,B2,4320,125.794936019,4337.67134669,0,,156.579955889,0.0290005687302,,True,-24.734617281,-19.662649438657926,monthly,2025-11,,
Load,DLinear,4464,169.9253917898432,4691.305896191756,0,,221.93264169702687,0.036221341253356104,,True,B2,4464,180.512255914,4691.30589619,0,,241.147296273,0.0384780399975,,True,10.586864124156818,5.86490045817201,monthly,2025-12,,
PV,DLinear,4032,153.45996903958232,1966.4803466517858,2036,246.43688184620876,245.23055339402848,0.07803788596253701,153.45996903958232,True,B3,4032,116.568321475,1966.48034665,2036,230.82264553,231.344148536,0.0592776437726,116.568321475,True,-36.891647564582314,-31.648090233927178,monthly,2025-02,,
PV,DLinear,4464,173.49027754600382,2304.1967555331544,2426,287.74507444651715,307.3621507533854,0.07529316979090223,173.49027754600382,True,B3,4464,161.254481423,2304.19675553,2426,296.694896973,310.605666521,0.0699829478692,161.254481423,True,-12.235796123003837,-7.587879738304517,monthly,2025-03,,
PV,DLinear,4320,247.85113773824295,2701.6856893287036,2526,362.8371668787901,396.7078432649893,0.09173944205176114,247.85113773824295,True,B3,4320,172.68998585,2701.68568933,2526,295.320826835,330.949653785,0.0639193472919,172.68998585,True,-75.16115188824296,-43.52374662508142,monthly,2025-04,,
PV,DLinear,4464,253.4513119514216,2806.502396550179,2747,338.2314821177678,370.7831298451845,0.09030860342858431,253.4513119514216,True,B3,4464,179.591938377,2806.50239655,2747,291.837873025,330.510268598,0.0639913718219,179.591938377,True,-73.8593735744216,-41.12621882802765,monthly,2025-05,,
PV,DLinear,4320,229.50043328347687,2369.8265653009257,2765,331.1119158239736,401.7840615808467,0.09684271273004925,229.50043328347687,True,B3,4320,207.311315235,2369.8265653,2765,323.900498998,399.402538106,0.0874795304729,207.311315235,True,-22.18911804847687,-10.703283621216794,monthly,2025-06,,
PV,DLinear,4464,225.4945081876704,2723.254275,2784,332.06695938185584,371.05544218620753,0.0828033247786494,225.4945081876704,True,B3,4464,181.134195974,2723.254275,2784,290.393556881,340.392289022,0.0665138755631,181.134195974,True,-44.3603122136704,-24.490302328135698,monthly,2025-07,,
PV,DLinear,4464,224.2561989939095,2915.9930929883512,2668,335.39142086681795,359.7617588450633,0.07690560019951506,224.2561989939095,True,B3,4464,189.730214734,2915.99309299,2668,317.291726119,355.311148958,0.0650653855079,189.730214734,True,-34.52598425990951,-18.197409573543474,monthly,2025-08,,
PV,DLinear,4320,211.61553368833899,2607.5995060879627,2415,315.93619727061815,330.3759543175518,0.0811533877017081,211.61553368833899,True,B3,4320,154.829997414,2607.59950609,2415,276.669410772,294.766447096,0.0593764483589,154.829997414,True,-56.785536274338995,-36.676055817853,monthly,2025-09,,
PV,DLinear,4464,192.97879202079275,2364.313051769713,2321,307.63170574839086,307.4214390568124,0.08162150603379112,192.97879202079275,True,B3,4464,144.342851494,2364.31305177,2321,277.320906881,294.0295189,0.0610506512183,144.342851494,True,-48.63594052679275,-33.69473446270003,monthly,2025-10,,
PV,DLinear,4320,190.4991682243498,1854.376335601852,2095,281.87962625537466,254.28865931240955,0.102729507795688,190.4991682243498,True,B3,4320,101.670740043,1854.3763356,2095,209.529218848,207.072834967,0.0548274576692,101.670740043,True,-88.8284281813498,-87.36872392566559,monthly,2025-11,,
PV,DLinear,4464,113.66895004860054,1513.8368958781361,2097,193.51626841342997,187.87615629921495,0.07508665587296591,113.66895004860054,True,B3,4464,75.4472176299,1513.83689588,2097,160.559696096,161.878973206,0.0498384058648,75.4472176299,True,-38.22173241870054,-50.660227930729064,monthly,2025-12,,
Load,DLinear,334,128.881983386497,3449.160176646707,0,,161.80531301060836,0.0373661925761293,,True,B2,334,175.747127844,3449.16017665,0,,247.148358899,0.0509535999616,,True,46.86514445750299,26.66623633195435,horizon,,1.0,
Load,DLinear,334,165.76978135568862,3444.099485329341,0,,210.27633239764648,0.048131531061111885,,True,B2,334,171.239744012,3444.09948533,0,,246.909302032,0.0497197437941,,True,5.469962656311367,3.194330082581791,horizon,,2.0,
Load,DLinear,334,176.2898588897006,3447.993263473054,0,,229.26341395813793,0.0511282492217312,,True,B2,334,196.980988024,3447.99326347,0,,264.829608913,0.0571291684676,,True,20.691129134299388,10.504124962444802,horizon,,3.0,
Load,DLinear,334,161.39527549149702,3459.9092206586824,0,,204.64835969419164,0.04664725725398405,,True,B2,334,162.97713024,3459.90922066,0,,232.560955982,0.0471044527025,,True,1.581854748502991,0.9705992160823748,horizon,,4.0,
Load,DLinear,334,173.12430028446107,3463.7817877245507,0,,219.03583702166455,0.04998129527039028,,True,B2,334,174.881495808,3463.78178772,0,,244.547617483,0.0504886007624,,True,1.7571955235389396,1.0047921396258759,horizon,,5.0,
Load,DLinear,334,188.1938767661976,3458.9917964071856,0,,241.0429318766291,0.054407147470448586,,True,B2,334,200.680988024,3458.99179641,0,,274.216198349,0.058017191088,,True,12.487111257802383,6.22236883561138,horizon,,6.0,
Load,DLinear,334,185.7325384847904,3459.082694011976,0,,238.11553239268014,0.053694159670224804,,True,B2,334,190.874227545,3459.08269401,0,,272.203129343,0.0551805910496,,True,5.141689060209586,2.693757625815353,horizon,,7.0,
Load,DLinear,334,174.28821012631738,3458.2600877245504,0,,222.0678710825389,0.0503976582747409,,True,B2,334,183.305449102,3458.26008772,0,,251.803951195,0.0530051079016,,True,9.01723897568263,4.919242182846951,horizon,,8.0,
Load,DLinear,334,180.99625646625748,3460.124131736527,0,,229.55225924513618,0.052309180126269395,,True,B2,334,182.819730539,3460.12413174,0,,249.883837406,0.0528361768476,,True,1.8234740727425276,0.9974164535558897,horizon,,9.0,
Load,DLinear,334,163.98964421781434,3475.3406928143713,0,,210.62911576067017,0.04718663829329884,,True,B2,334,169.879523952,3475.34069281,0,,239.971617985,0.0488814015568,,True,5.889879734185655,3.46709220579748,horizon,,10.0,
Load,DLinear,334,163.9823726608982,3485.9928991017964,0,,210.39594002521306,0.04704036336481064,,True,B2,334,170.323768263,3485.9928991,0,,236.364757844,0.0488594708002,,True,6.341395602101812,3.723141911885104,horizon,,11.0,
Load,DLinear,334,186.51540629796406,3487.613113772455,0,,237.59367991106816,0.05347938553201949,,True,B2,334,184.808263473,3487.61311377,0,,250.040047792,0.0529898980891,,True,-1.707142824964052,-0.9237372793200131,horizon,,12.0,
Load,DLinear,334,178.42200074302397,3492.633510179641,0,,229.1127919338997,0.05108523417157702,,True,B2,334,184.077492814,3492.63351018,0,,256.420164534,0.0527044971303,,True,5.655492070976038,3.072343057546202,horizon,,13.0,
Load,DLinear,334,163.0935557041916,3498.209605688623,0,,215.64796212163583,0.04662200785195277,,True,B2,334,178.505300898,3498.20960569,0,,255.8934248,0.0510276172725,,True,15.4117451938084,8.633774524497092,horizon,,14.0,
Load,DLinear,334,158.29012952458086,3500.6029940119756,0,,205.5371284400841,0.045217960961396395,,True,B2,334,163.294790419,3500.60299401,0,,230.257995071,0.0466476177671,,True,5.004660894419146,3.0648013213266805,horizon,,15.0,
Load,DLinear,334,158.5141618458982,3499.6606131736526,0,,203.4671903984451,0.04529415259559992,,True,B2,334,158.514156587,3499.66061317,0,,217.265790729,0.0452941510929,,True,-5.258898198690076e-06,-3.3176205279834085e-06,horizon,,16.0,
Load,DLinear,334,163.77985719482035,3497.0608125748504,0,,203.21811056038877,0.04683357424208786,,True,B2,334,164.170585629,3497.06081257,0,,225.086315431,0.0469453047652,,True,0.39072843417963554,0.23800148649199626,horizon,,17.0,
Load,DLinear,334,171.19093507613772,3497.257994011976,0,,214.24099374631265,0.04895004468336387,,True,B2,334,188.823742515,3497.25799401,0,,247.291885698,0.0539919396391,,True,17.632807438862272,9.33823639125336,horizon,,18.0,
Load,DLinear,334,162.56664330308382,3504.3874619760477,0,,208.59341667762564,0.04638946037417222,,True,B2,334,172.486310778,3504.38746198,0,,230.081448122,0.0492201026998,,True,9.919667474916167,5.750988255342397,horizon,,19.0,
Load,DLinear,334,163.43146958320358,3512.124912275449,0,,208.1055498860864,0.04653350141732829,,True,B2,334,165.315268263,3512.12491228,0,,221.293682504,0.047069871486,,True,1.8837986797964277,1.1395188717835143,horizon,,20.0,
Load,DLinear,334,160.7926413638623,3516.69251497006,0,,205.44727005710547,0.045722689908028885,,True,B2,334,165.40997006,3516.69251497,0,,218.457763528,0.0470356647207,,True,4.617328696137719,2.791445216066995,horizon,,21.0,
Load,DLinear,334,163.00638051826346,3519.7411299401197,0,,212.51686155816395,0.04631203673806449,,True,B2,334,164.614898802,3519.74112994,0,,225.269674749,0.0467690357686,,True,1.6085182837365437,0.9771401589058358,horizon,,22.0,
Load,DLinear,334,156.94527332038922,3523.7164356287426,0,,203.36871996338445,0.044539700111364156,,True,B2,334,155.323233832,3523.71643563,0,,216.882737642,0.0440793794477,,True,-1.6220394883892197,-1.0442993288072038,horizon,,23.0,
Load,DLinear,334,175.87056410922156,3527.3151796407187,0,,227.92807908202002,0.04985961139064845,,True,B2,334,175.191107784,3527.31517964,0,,238.548608287,0.0496669843386,,True,-0.6794563252215653,-0.3878372217722909,horizon,,24.0,
Load,DLinear,334,174.19693521041913,3526.9093805389225,0,,222.19818412610203,0.04939081683573092,,True,B2,334,163.977228743,3526.90938054,0,,225.273177337,0.0464931788855,,True,-10.219706467419115,-6.232393696222521,horizon,,25.0,
Load,DLinear,334,174.44169586347306,3525.311905688623,0,,219.4457627416969,0.04948262750367848,,True,B2,334,163.438085928,3525.31190569,0,,221.233933218,0.0463613122188,,True,-11.003609935473065,-6.732586149057403,horizon,,26.0,
Load,DLinear,334,174.59264422026945,3531.0204790419166,0,,219.42370152557626,0.04944537854043889,,True,B2,334,179.450508982,3531.02047904,0,,235.396601799,0.050821146478,,True,4.8578647617305535,2.707077728165055,horizon,,27.0,
Load,DLinear,334,168.87865678748503,3548.67437005988,0,,213.01418010371722,0.04758922323567135,,True,B2,334,159.796658982,3548.67437006,0,,215.562921075,0.045029958322,,True,-9.081997805485031,-5.683471646618129,horizon,,28.0,
Load,DLinear,334,165.74196857820357,3552.5327482035927,0,,208.27397201852673,0.04665459274429327,,True,B2,334,155.764999401,3552.5327482,0,,206.616302065,0.0438461825524,,True,-9.976969177203557,-6.40514185829317,horizon,,29.0,
Load,DLinear,334,180.26349289838325,3536.092155688623,0,,227.85880409346805,0.050978165998413726,,True,B2,334,175.990778443,3536.09215569,0,,235.29693418,0.0497698506415,,True,-4.2727144553832375,-2.4278058732305037,horizon,,30.0,
Load,DLinear,334,179.08913955934133,3523.648140419162,0,,226.08397724387302,0.050824921337928326,,True,B2,334,173.968238623,3523.64814042,0,,228.670565875,0.0493716261358,,True,-5.120900936341343,-2.9435838270677985,horizon,,31.0,
Load,DLinear,334,168.4331289348204,3550.15700988024,0,,214.4302069623653,0.04744385345945651,,True,B2,334,159.633252096,3550.15700988,0,,212.547931076,0.0449651245428,,True,-8.799876838820381,-5.512558770354641,horizon,,32.0,
Load,DLinear,334,172.51858624014972,3538.544700598802,0,,214.7157140705444,0.04875410679733837,,True,B2,334,158.720898204,3538.5447006,0,,209.232069902,0.0448548518199,,True,-13.797688036149708,-8.693050626777504,horizon,,33.0,
Load,DLinear,334,203.11314966089822,3445.6984943113775,0,,248.14612707080772,0.05894687245451821,,True,B2,334,159.544292515,3445.69849431,0,,204.721280438,0.0463024529797,,True,-43.56885714589822,-27.30831448690148,horizon,,34.0,
Load,DLinear,334,173.59796618395208,3784.6194811377245,0,,219.16232027334294,0.045869331659140915,,True,B2,334,151.050997904,3784.61948114,0,,207.816819647,0.0399118058386,,True,-22.54696827995207,-14.926725803083887,horizon,,35.0,
Load,DLinear,334,201.8398177612575,4359.280898203593,0,,253.07411181876083,0.046301172710488385,,True,B2,334,182.841317365,4359.2808982,0,,236.537497087,0.0419429996908,,True,-18.998500396257498,-10.390704174555594,horizon,,36.0,
Load,DLinear,334,174.0176560223952,4413.700094610778,0,,217.40689173023753,0.03942670600453222,,True,B2,334,151.890490719,4413.70009461,0,,195.611435089,0.0344134144737,,True,-22.127165303395174,-14.567841079880901,horizon,,37.0,
Load,DLinear,334,166.61035078622754,4330.216653293413,0,,209.1520199430411,0.03847621588622118,,True,B2,334,148.852263473,4330.21665329,0,,191.601494545,0.0343752461808,,True,-17.75808731322755,-11.930008250394291,horizon,,38.0,
Load,DLinear,334,181.96693865928142,4350.379850299401,0,,228.16253623563838,0.0418278276658435,,True,B2,334,163.21257485,4350.3798503,0,,218.320032125,0.037516856106,,True,-18.754363809281415,-11.49075910757339,horizon,,39.0,
Load,DLinear,334,181.71369281458084,4339.863036826347,0,,225.77433353475223,0.041870835847267744,,True,B2,334,161.375113174,4339.86303683,0,,211.927827768,0.0371843792775,,True,-20.338579640580832,-12.603293804448708,horizon,,40.0,
Load,DLinear,334,176.91432017431137,4391.8630185628745,0,,223.1216575346122,0.04028229464957268,,True,B2,334,159.697099102,4391.86301856,0,,213.253405869,0.0363620400788,,True,-17.21722107231136,-10.781173339482242,horizon,,41.0,
Load,DLinear,334,178.4707757650599,4484.039970059881,0,,225.92497472561138,0.03980133472420331,,True,B2,334,162.80502994,4484.03997006,0,,214.25991094,0.036307666976,,True,-15.6657458250599,-9.622396697960339,horizon,,42.0,
Load,DLinear,334,169.8195977075449,4481.806088922156,0,,217.36084709900888,0.03789088468760266,,True,B2,334,147.329865868,4481.80608892,0,,198.55252901,0.0328728782426,,True,-22.489731839544874,-15.26488312946305,horizon,,43.0,
Load,DLinear,334,177.9741174106287,4499.83665748503,0,,223.6348092653118,0.039551239513235775,,True,B2,334,159.468901497,4499.83665749,0,,214.048188278,0.0354388200362,,True,-18.505215913628717,-11.604278790355151,horizon,,44.0,
Load,DLinear,334,183.00107757505987,4477.676886227545,0,,232.66957067506308,0.04086964786091092,,True,B2,334,174.482095808,4477.67688623,0,,231.418968218,0.038967102862,,True,-8.51898176705987,-4.882438927392386,horizon,,45.0,
Load,DLinear,334,215.81413503272452,4341.91077994012,0,,267.8571115676813,0.04970487556533828,,True,B2,334,164.933681138,4341.91077994,0,,217.279967872,0.03798642798,,True,-50.880453894724525,-30.84903795492981,horizon,,46.0,
Load,DLinear,334,183.19024282784432,4868.000047305389,0,,233.36141714306353,0.03763152034668665,,True,B2,334,157.900342515,4868.00004731,0,,205.951626754,0.0324363888621,,True,-25.28990031284431,-16.016368242166322,horizon,,47.0,
Load,DLinear,334,234.73029512191619,5752.928023952096,0,,299.3894753722334,0.040801882822907844,,True,B2,334,177.555568862,5752.92802395,0,,230.797462881,0.0308635130012,,True,-57.174726259916184,-32.201032401497706,horizon,,48.0,
Load,DLinear,334,210.37644647131734,5840.449403592814,0,,268.89043031945437,0.0360205922410529,,True,B2,334,159.251426946,5840.44940359,0,,211.5155049,0.0272669816895,,True,-51.12501952531733,-32.103335276645986,horizon,,49.0,
Load,DLinear,334,193.79810264586825,5706.233170059881,0,,247.94378032427713,0.033962527795518484,,True,B2,334,162.520147006,5706.23317006,0,,221.560036923,0.0284811612429,,True,-31.277955639868253,-19.245586603311104,horizon,,50.0,
Load,DLinear,334,191.42141889589817,5725.102964071856,0,,246.80798069006138,0.03343545436600389,,True,B2,334,169.072245509,5725.10296407,0,,230.613222492,0.0295317388299,,True,-22.349173386898173,-13.218712107132031,horizon,,51.0,
Load,DLinear,334,196.72222773290423,5706.071458682634,0,,243.61455378281326,0.03447594884805766,,True,B2,334,158.363348204,5706.07145868,0,,210.015227266,0.0277534814189,,True,-38.358879528904225,-24.222069035501324,horizon,,52.0,
Load,DLinear,334,188.79737925550896,5776.496773652695,0,,235.19773930413518,0.03268371586679262,,True,B2,334,151.297569461,5776.49677365,0,,198.727084626,0.026191924862,,True,-37.49980979450896,-24.78546742561869,horizon,,53.0,
Load,DLinear,334,195.4079847200299,5910.296556886227,0,,242.06941559485801,0.03306229777799481,,True,B2,334,162.833892216,5910.29655689,0,,215.029573542,0.0275508835552,,True,-32.57409250402989,-20.004491731254685,horizon,,54.0,
Load,DLinear,334,181.37680964526947,5914.680398802395,0,,229.24499188387585,0.030665530073610517,,True,B2,334,146.566884132,5914.6803988,0,,198.45444549,0.0247801866288,,True,-34.80992551326946,-23.75019822480445,horizon,,55.0,
Load,DLinear,334,188.18359286946108,5885.687137724551,0,,234.21006443929195,0.03197308801266223,,True,B2,334,154.258317665,5885.68713772,0,,205.636208405,0.0262090583572,,True,-33.92527520446109,-21.992509524274727,horizon,,56.0,
Load,DLinear,334,199.87815381302394,5882.022724550899,0,,247.63942005100054,0.03398119374458638,,True,B2,334,173.010269461,5882.02272455,0,,226.218383203,0.0294133969831,,True,-26.867884352023935,-15.529647133507584,horizon,,57.0,
Load,DLinear,334,180.51850154754493,5865.2674988023955,0,,224.67607678000837,0.030777539401980258,,True,B2,334,150.809968862,5865.2674988,0,,196.284093672,0.0257123769535,,True,-29.708532685544924,-19.699316238656596,horizon,,58.0,
Load,DLinear,334,182.4615555180539,5855.904532335329,0,,228.74791753978383,0.031158560476956476,,True,B2,334,157.497548204,5855.90453234,0,,202.331195772,0.0268955115873,,True,-24.9640073140539,-15.85041011668262,horizon,,59.0,
Load,DLinear,334,199.3534838551796,5860.536197604791,0,,250.7096438007058,0.034016253314271085,,True,B2,334,168.748592814,5860.5361976,0,,219.158852246,0.0287940535003,,True,-30.6048910411796,-18.13638296522761,horizon,,60.0,
Load,DLinear,334,193.31886412646705,5859.710514371258,0,,243.9801223819366,0.03299119703137929,,True,B2,334,155.013753892,5859.71051437,0,,213.423715526,0.0264541658691,,True,-38.30511023446704,-24.710781638869722,horizon,,61.0,
Load,DLinear,334,185.6562865887126,5849.3060269461075,0,,230.81353136460805,0.03173988260033691,,True,B2,334,159.169503293,5849.30602695,0,,217.806517136,0.0272116901663,,True,-26.4867832957126,-16.640614406489412,horizon,,62.0,
Load,DLinear,334,176.26317063323356,5833.716856287425,0,,224.92675097998602,0.030214557026925604,,True,B2,334,166.574221557,5833.71685629,0,,220.679081908,0.0285537035239,,True,-9.68894907623357,-5.816595740726972,horizon,,63.0,
Load,DLinear,334,172.40617056242513,5820.123976047905,0,,214.84218048290595,0.029622422352503865,,True,B2,334,152.893007485,5820.12397605,0,,204.035689892,0.0262697166099,,True,-19.513163077425133,-12.76262623020188,horizon,,64.0,
Load,DLinear,334,177.1995500052096,5809.550061676647,0,,223.72033899676026,0.0305014240559052,,True,B2,334,155.317517365,5809.55006168,0,,205.016238509,0.0267348616875,,True,-21.882032640209616,-14.08857996924217,horizon,,65.0,
Load,DLinear,334,188.91374824643717,5804.034850299401,0,,234.96399130028342,0.032548692955675834,,True,B2,334,160.142874251,5804.0348503,0,,210.076253889,0.0275916458777,,True,-28.77087399543717,-17.96575347482719,horizon,,66.0,
Load,DLinear,334,182.7039727610479,5803.185326347305,0,,224.9275592384878,0.03148339446123585,,True,B2,334,163.54608024,5803.18532635,0,,215.320019478,0.0281821225831,,True,-19.1578925210479,-11.714064007485929,horizon,,67.0,
Load,DLinear,334,179.6094330238922,5788.42309760479,0,,228.80934958658614,0.031029078212719687,,True,B2,334,170.535357186,5788.4230976,0,,223.660440796,0.0294614533717,,True,-9.074075837892195,-5.320935193512543,horizon,,68.0,
Load,DLinear,334,196.39505675625753,5781.265658682634,0,,246.2436433773246,0.03397094483304019,,True,B2,334,193.936137725,5781.26565868,0,,251.241185587,0.0335456194498,,True,-2.4589190312575226,-1.2679014133736393,horizon,,69.0,
Load,DLinear,334,186.70133892011975,5799.506463473054,0,,234.70543236652574,0.032192625371834316,,True,B2,334,171.252915569,5799.50646347,0,,233.118324672,0.0295288774394,,True,-15.448423351119743,-9.020823557830392,horizon,,70.0,
Load,DLinear,334,168.73027319446103,5679.445606886227,0,,211.59164463155767,0.029708933736398244,,True,B2,334,151.091050898,5679.44560689,0,,204.555231725,0.0266031337134,,True,-17.639222296461043,-11.674564569922213,horizon,,71.0,
Load,DLinear,334,189.66334823000003,5486.479790419162,0,,241.9821698093949,0.034569223887637786,,True,B2,334,171.298712575,5486.47979042,0,,226.037915799,0.0312219709392,,True,-18.36463565500003,-10.720825264205889,horizon,,72.0,
Load,DLinear,334,185.07370710005986,5465.7935083832335,0,,235.6034991104472,0.03386035473462373,,True,B2,334,176.999936527,5465.79350838,0,,239.376889864,0.0323832095478,,True,-8.073770573059875,-4.56145393692177,horizon,,73.0,
Load,DLinear,334,166.10518373086825,5487.716970059881,0,,218.79402944436563,0.030268540567436688,,True,B2,334,152.716389222,5487.71697006,0,,221.95766145,0.0278287655968,,True,-13.388794508868244,-8.767097347623436,horizon,,74.0,
Load,DLinear,334,187.48439857293414,5458.657634730539,0,,234.18609839955997,0.03434624611370944,,True,B2,334,176.945359281,5458.65763473,0,,235.736161295,0.0324155444657,,True,-10.539039291934131,-5.956098162030628,horizon,,75.0,
Load,DLinear,334,180.58199156508985,5436.174626047904,0,,226.08050520402145,0.03321857813393549,,True,B2,334,170.713026048,5436.17462605,0,,222.007839177,0.0314031534657,,True,-9.868965517089862,-5.781026641935906,horizon,,76.0,
Load,DLinear,334,180.0750203011078,5541.999201796407,0,,227.0653013920247,0.0324927907320408,,True,B2,334,175.844863174,5541.9992018,0,,241.804100733,0.0317294999098,,True,-4.230157127107788,-2.4056188226107067,horizon,,77.0,
Load,DLinear,334,195.09255627637728,5703.486556886228,0,,252.15770070716727,0.03420584134468206,,True,B2,334,189.707065868,5703.48655689,0,,263.977450138,0.0332615960389,,True,-5.385490408377279,-2.8388454503453,horizon,,78.0,
Load,DLinear,334,190.45588389062877,5718.1736643712575,0,,241.16015002931107,0.03330711780884157,,True,B2,334,170.657004491,5718.17366437,0,,234.934118432,0.0298446697333,,True,-19.79887939962876,-11.601562712694221,horizon,,79.0,
Load,DLinear,334,174.4467718511078,5694.81336497006,0,,220.19956861744527,0.030632570493734683,,True,B2,334,165.288436228,5694.81336497,0,,219.146895263,0.0290243815968,,True,-9.158335623107803,-5.540820538996892,horizon,,80.0,
Load,DLinear,334,169.8462663293114,5700.551077844311,0,,219.57283989459904,0.029794710021884326,,True,B2,334,176.079820359,5700.55107784,0,,238.70912024,0.0308882102721,,True,6.233554029688605,3.5401865000653316,horizon,,81.0,
Load,DLinear,334,172.82220453790418,5693.461542215569,0,,222.2042730696283,0.030354504593817222,,True,B2,334,172.920898802,5693.46154222,0,,235.396889932,0.0303718392616,,True,0.09869426409582616,0.0570748040170866,horizon,,82.0,
Load,DLinear,334,178.71786610547906,5681.687266467066,0,,230.1787187516936,0.031455069194015625,,True,B2,334,179.391262874,5681.68726647,0,,240.751715461,0.0315735897562,,True,0.673396768520945,0.3753787992417012,horizon,,83.0,
Load,DLinear,334,182.72087771787426,5676.30251497006,0,,235.2504534870728,0.032190123277606536,,True,B2,334,185.117904192,5676.30251497,0,,252.619192331,0.0326124098748,,True,2.397026474125738,1.2948647428719795,horizon,,84.0,
Load,DLinear,334,169.2579779242814,5675.638411377246,0,,220.96031934724527,0.02982183952821783,,True,B2,334,164.787259281,5675.63841138,0,,233.857148092,0.0290341363099,,True,-4.470718643281401,-2.7130244551599727,horizon,,85.0,
Load,DLinear,334,169.95061303071856,5671.149004191617,0,,225.27755603741065,0.02996758027431583,,True,B2,334,170.933901796,5671.14900419,0,,247.267226676,0.030140964674,,True,0.9832887652814293,0.5752450245094909,horizon,,86.0,
Load,DLinear,334,191.03763920673654,5661.897694610779,0,,249.3080339787057,0.03374092036113154,,True,B2,334,201.651766467,5661.89769461,0,,282.143471622,0.035615579324,,True,10.614127260263444,5.263592502176484,horizon,,87.0,
Load,DLinear,334,177.01042414727544,5657.161128443114,0,,237.61404836686947,0.03128962038173196,,True,B2,334,181.53418503,5657.16112844,0,,256.936409461,0.0320892725005,,True,4.5237608827245595,2.491960884379419,horizon,,88.0,
Load,DLinear,334,172.13107516212577,5669.028073353294,0,,227.16192987328927,0.030363419079050054,,True,B2,334,173.922185928,5669.02807335,0,,243.077180945,0.0306793657886,,True,1.7911107658742367,1.029834552916508,horizon,,89.0,
Load,DLinear,334,182.63937407787424,5682.740359281437,0,,233.88533961626473,0.03213931352319752,,True,B2,334,188.859820359,5682.74035928,0,,257.939534225,0.0332339344082,,True,6.22044628112576,3.29368431533051,horizon,,90.0,
Load,DLinear,334,167.03360502119762,5670.277778143713,0,,223.47110773850594,0.029457746437931944,,True,B2,334,169.508999701,5670.27777814,0,,244.920169413,0.0298943025955,,True,2.4753946798023776,1.4603323033990947,horizon,,91.0,
Load,DLinear,334,167.52232843275445,5659.083301497006,0,,223.5978096711423,0.02960237895569403,,True,B2,334,171.814534731,5659.0833015,0,,245.190160451,0.0303608421323,,True,4.29220629824556,2.4981625128314184,horizon,,92.0,
Load,DLinear,334,188.0585419037425,5661.562335329341,0,,247.37135955335944,0.03321672195150402,,True,B2,334,193.834580838,5661.56233533,0,,277.800198673,0.0342369419177,,True,5.776038934257485,2.9798805297207993,horizon,,93.0,
Load,DLinear,334,188.9145927406886,5665.0608913173655,0,,241.53589149104747,0.033347319007679364,,True,B2,334,182.302668563,5665.06089132,0,,253.253360476,0.0321801781235,,True,-6.611924177688593,-3.6268937968966974,horizon,,94.0,
Load,DLinear,334,179.70781117685627,5673.0407721556885,0,,231.25760335510282,0.03167751094948846,,True,B2,334,179.627113174,5673.04077216,0,,247.04907319,0.0316632861261,,True,-0.08069800285628048,-0.04492529074834626,horizon,,95.0,
Load,DLinear,334,186.8507414060479,5682.6984730538925,0,,244.4432035035251,0.03288063624914344,,True,B2,334,184.15497006,5682.69847305,0,,253.030626174,0.0324062539889,,True,-2.695771346047877,-1.4638602179292586,horizon,,96.0,
Load,DLinear,334,185.5938093057485,5683.141978443114,0,,238.49125897875808,0.032656901764856416,,True,B2,334,182.422988922,5683.14197844,0,,252.176775825,0.0320989673695,,True,-3.1708203837484916,-1.7381692968007796,horizon,,97.0,
Load,DLinear,334,175.0099902236527,5674.472458083832,0,,229.0256211060958,0.030841631802148255,,True,B2,334,175.98757006,5674.47245808,0,,251.44143293,0.0310139085809,,True,0.9775798363473029,0.5554823195831464,horizon,,98.0,
Load,DLinear,334,180.6335276753593,5679.823802395209,0,,241.47962800603096,0.03180266394869243,,True,B2,334,197.911407186,5679.8238024,0,,273.412641254,0.0348446385084,,True,17.2778795106407,8.730107959064078,horizon,,99.0,
Load,DLinear,334,186.3765991327545,5705.820590119761,0,,247.80023721112397,0.032664293625966005,,True,B2,334,189.636359281,5705.82059012,0,,276.036996802,0.0332355979804,,True,3.2597601482455048,1.7189531377868557,horizon,,100.0,
Load,DLinear,334,186.47246049829343,5622.126059580838,0,,247.683056506635,0.033167605728178215,,True,B2,334,192.675658982,5622.12605958,0,,279.746188201,0.0342709602987,,True,6.203198483706558,3.219502928642413,horizon,,101.0,
Load,DLinear,334,200.01986160344316,5485.685838323354,0,,258.18465680875255,0.03646214302067602,,True,B2,334,188.180389222,5485.68583832,0,,266.600291964,0.0343038946757,,True,-11.839472381443159,-6.291554837563816,horizon,,102.0,
Load,DLinear,334,202.1107230320359,5488.350721556886,0,,264.56616494742457,0.03682540225394031,,True,B2,334,189.710864072,5488.35072156,0,,268.572689958,0.0345660971203,,True,-12.399858960035914,-6.536188120112013,horizon,,103.0,
Load,DLinear,334,201.83158276092817,5486.24672754491,0,,263.8779320761607,0.03678864491230193,,True,B2,334,189.874080838,5486.24672754,0,,266.779714917,0.0346091035033,,True,-11.957501922928174,-6.297595685600857,horizon,,104.0,
Load,DLinear,334,219.38457295041917,5513.755209580839,0,,276.5572705133993,0.0397885949976907,,True,B2,334,207.604760479,5513.75520958,0,,287.19567368,0.037652154038,,True,-11.779812471419177,-5.674153349971351,horizon,,105.0,
Load,DLinear,334,245.15617351047905,5645.618551197605,0,,310.9962727101728,0.0434241476442779,,True,B2,334,196.381301796,5645.6185512,0,,277.862614961,0.0347847273094,,True,-48.77487171447905,-24.83682064861051,horizon,,106.0,
Load,DLinear,334,191.92064306511975,5116.076082335329,0,,261.8683165592627,0.037513250384954,,True,B2,334,192.547379641,5116.07608234,0,,275.801824944,0.0376357537578,,True,0.6267365758802441,0.32549732800767245,horizon,,107.0,
Load,DLinear,334,239.50862470547904,4232.754820359281,0,,297.3223734224943,0.056584573137441786,,True,B2,334,197.787814371,4232.75482036,0,,271.417262443,0.0467279166324,,True,-41.72081033447904,-21.093721302881345,horizon,,108.0,
Load,DLinear,334,190.70675834526946,4149.094561377246,0,,247.31723412214296,0.04596346396163275,,True,B2,334,176.930191018,4149.09456138,0,,249.484215388,0.0426430847503,,True,-13.776567327269476,-7.786442352208797,horizon,,109.0,
Load,DLinear,334,171.6554342098503,4284.441448802396,0,,225.12812558832394,0.04006483371545015,,True,B2,334,181.198688024,4284.4414488,0,,257.962454849,0.0422922544722,,True,9.543253814149693,5.2667344991403455,horizon,,110.0,
Load,DLinear,334,197.32980481637722,4255.234520958084,0,,253.2195164889588,0.046373426386836974,,True,B2,334,211.239161677,4255.23452096,0,,297.626276365,0.0496421902568,,True,13.909356860622779,6.584648769763248,horizon,,111.0,
Load,DLinear,334,187.50933572278444,4263.403675748503,0,,250.90775692546123,0.04398113572716392,,True,B2,334,186.515068862,4263.40367575,0,,280.016569003,0.0437479260815,,True,-0.9942668607844496,-0.5330758886404477,horizon,,112.0,
Load,DLinear,334,183.7201325705389,4276.9800811377245,0,,245.62127727137008,0.04295557357883867,,True,B2,334,191.931538323,4276.98008114,0,,271.533713771,0.0448754809895,,True,8.211405752461104,4.2782993478863265,horizon,,113.0,
Load,DLinear,334,194.7448489452395,4270.077844311377,0,,252.71407674824138,0.045606861524709615,,True,B2,334,200.656556886,4270.07784431,0,,272.309838058,0.0469913112131,,True,5.911707940760493,2.9461822890338643,horizon,,114.0,
Load,DLinear,334,177.5941699589521,4276.603327245509,0,,231.95566927512013,0.041526921336737035,,True,B2,334,185.089950898,4276.60332725,0,,256.993190137,0.0432796630258,,True,7.495780939047904,4.049804380346237,horizon,,115.0,
Load,DLinear,334,175.49607070901197,4283.96602005988,0,,226.2017921145367,0.04096579428670607,,True,B2,334,187.244535629,4283.96602006,0,,263.18295271,0.0437082214826,,True,11.748464919988038,6.274396676261916,horizon,,116.0,
Load,DLinear,334,194.0623414749102,4287.763652694611,0,,248.8194266634951,0.04525957053461967,,True,B2,334,203.204850299,4287.76365269,0,,285.270533032,0.0473918029907,,True,9.142508824089788,4.49915876054991,horizon,,117.0,
Load,DLinear,334,182.25246356413174,4297.983533233533,0,,238.8347979889302,0.04240417911210945,,True,B2,334,175.900559581,4297.98353323,0,,246.37812491,0.0409262990937,,True,-6.351903983131734,-3.611076620939777,horizon,,118.0,
Load,DLinear,334,174.5548502239222,4300.81673742515,0,,227.97379798817084,0.04058644226920169,,True,B2,334,173.257404491,4300.81673743,0,,248.542130932,0.0402847680031,,True,-1.2974457329221991,-0.7488544208161655,horizon,,119.0,
Load,DLinear,334,192.60530537748502,4300.039790419161,0,,246.35266242353168,0.04479151700098807,,True,B2,334,199.473802395,4300.03979042,0,,279.148552309,0.046388827108,,True,6.868497017514983,3.4433078103729717,horizon,,120.0,
Load,DLinear,334,182.1109644806886,4313.732598802396,0,,238.3100781162614,0.042216563106217415,,True,B2,334,186.216411377,4313.7325988,0,,268.666301231,0.043168278773,,True,4.105446896311378,2.204664382668074,horizon,,121.0,
Load,DLinear,334,185.19465457089822,4323.131689221557,0,,241.80918489171071,0.04283807847737463,,True,B2,334,182.615565569,4323.13168922,0,,267.802601756,0.0422414996111,,True,-2.579089001898211,-1.412305130650936,horizon,,122.0,
Load,DLinear,334,195.57272908296406,4322.4479341317365,0,,258.99731659217707,0.04524582645371976,,True,B2,334,213.005389222,4322.44793413,0,,297.997466737,0.0492788791138,,True,17.43266013903593,8.18414041199077,horizon,,123.0,
Load,DLinear,334,185.41905357092813,4323.8605835329345,0,,242.68281262837766,0.04288275488739884,,True,B2,334,187.137779042,4323.86058353,0,,268.328064616,0.0432802527803,,True,1.7187254710718776,0.918427844912137,horizon,,124.0,
Load,DLinear,334,182.50830489350298,4322.449673353293,0,,241.88601021958812,0.04222334987926319,,True,B2,334,185.555979042,4322.44967335,0,,267.225665655,0.0429284301876,,True,3.047674148497009,1.642455373430558,horizon,,125.0,
Load,DLinear,334,195.58526266988025,4327.25625748503,0,,249.32636143517948,0.04519844701398687,,True,B2,334,207.836856287,4327.25625749,0,,279.259450749,0.0480297084158,,True,12.251593617119738,5.894812804617111,horizon,,126.0,
Load,DLinear,334,182.4127093707485,4348.235609580839,0,,239.4103895190959,0.04195097178469883,,True,B2,334,195.86649491,4348.23560958,0,,270.29825276,0.0450450510268,,True,13.453785539251498,6.868855005259306,horizon,,127.0,
Load,DLinear,334,183.46593470383237,4331.3901628742515,0,,238.08428158911832,0.0423572866458391,,True,B2,334,204.054750299,4331.39016287,0,,281.980509818,0.0471106833202,,True,20.58881559516763,10.089848712171111,horizon,,128.0,
Load,DLinear,334,185.69567349883232,4350.312185628743,0,,242.28898305227023,0.04268559716525127,,True,B2,334,201.948622754,4350.31218563,0,,283.397880655,0.0464216392151,,True,16.252949255167692,8.048061449255794,horizon,,129.0,
Load,DLinear,334,185.93062240955086,4452.879998802395,0,,241.0614046360646,0.041755138799958014,,True,B2,334,178.993573353,4452.8799988,0,,262.703422818,0.0401972596166,,True,-6.937049056550876,-3.8755855456721116,horizon,,130.0,
Load,DLinear,334,188.9499359303593,4052.2481212574853,0,,246.21333539488882,0.0466284221193555,,True,B2,334,185.861294012,4052.24812126,0,,267.65512498,0.0458662175786,,True,-3.0886419183592864,-1.6617994267057403,horizon,,131.0,
Load,DLinear,334,217.3287486973952,3385.3996706586827,0,,278.24927459039554,0.06419589113243769,,True,B2,334,201.911137725,3385.39967066,0,,288.155172319,0.0596417431816,,True,-15.41761097239521,-7.635839778880237,horizon,,132.0,
Load,DLinear,334,192.40894344443115,3332.8958754491023,0,,245.5745687147204,0.05773025940046937,,True,B2,334,190.476896407,3332.89587545,0,,269.549888362,0.0571505692123,,True,-1.932047037431147,-1.014320935439257,horizon,,133.0,
Load,DLinear,334,179.4435050263772,3435.8217272455095,0,,231.18984305051444,0.05222724555334734,,True,B2,334,185.029417665,3435.82172725,0,,261.162737568,0.0538530320702,,True,5.585912638622801,3.0189321833873053,horizon,,134.0,
Load,DLinear,334,195.09607419482037,3403.0357784431135,0,,251.71440104258667,0.057330009702124464,,True,B2,334,218.381646707,3403.03577844,0,,290.107603479,0.0641725979168,,True,23.285572512179613,10.662788225707256,horizon,,135.0,
Load,DLinear,334,181.08631239952095,3406.865183832335,0,,237.77584479161393,0.05315335436778848,,True,B2,334,188.489827545,3406.86518383,0,,264.588790709,0.0553264709268,,True,7.403515145479048,3.9278062067893478,horizon,,136.0,
Load,DLinear,334,179.353912782994,3422.0043077844307,0,,237.162185152679,0.0524119482769197,,True,B2,334,187.184956287,3422.00430778,0,,263.268723992,0.0547003859293,,True,7.831043504006004,4.183585935185471,horizon,,137.0,
Load,DLinear,334,191.13892969083832,3420.874341317365,0,,252.61794326924075,0.055874291371144455,,True,B2,334,202.248323353,3420.87434132,0,,276.764081424,0.0591218218426,,True,11.109393662161665,5.492947223484054,horizon,,138.0,
Load,DLinear,334,176.4850793378443,3423.529771257485,0,,229.3443018875014,0.05155061913570571,,True,B2,334,172.919982934,3423.52977126,0,,239.904811094,0.0505092680618,,True,-3.565096403844308,-2.061702958416918,horizon,,139.0,
Load,DLinear,334,179.78055450952095,3429.5466029940117,0,,232.78279733297634,0.05242108515235559,,True,B2,334,183.96390988,3429.54660299,0,,256.344964821,0.0536408835266,,True,4.183355370479035,2.2740087298687257,horizon,,140.0,
Load,DLinear,334,186.01864978928143,3435.0258982035925,0,,244.9181559317121,0.054153492666987796,,True,B2,334,200.337724551,3435.0258982,0,,283.058753177,0.0583220419548,,True,14.319074761718582,7.147468003747528,horizon,,141.0,
Load,DLinear,334,193.2834898257485,3439.782041317365,0,,249.5817202358481,0.05619062123823547,,True,B2,334,190.006884431,3439.78204132,0,,265.948124862,0.0552380593156,,True,-3.2766053947484863,-1.7244666710686307,horizon,,142.0,
Load,DLinear,334,177.3717222364671,3449.063759580838,0,,227.25368303231932,0.05142604909629822,,True,B2,334,191.171098802,3449.06375958,0,,253.46307123,0.0554269541325,,True,13.799376565532896,7.218338259291592,horizon,,143.0,
Load,DLinear,334,215.81293664470059,3457.6148203592816,0,,270.8265455651793,0.0624167085859134,,True,B2,334,189.765568862,3457.61482036,0,,267.381968448,0.0548833744421,,True,-26.047367782700576,-13.726076832010849,horizon,,144.0,
PV,DLinear,334,35.752249673973346,0.0,0,,42.69146942598621,,35.752249673973346,False,B3,334,0.0,0.0,0,,0.0,,0.0,False,-35.752249673973346,,horizon,,1.0,
PV,DLinear,334,50.33978899097201,0.0,0,,60.55814074676731,,50.33978899097201,False,B3,334,0.0,0.0,0,,0.0,,0.0,False,-50.33978899097201,,horizon,,2.0,
PV,DLinear,334,38.30634392816882,0.0,0,,50.41196472038301,,38.30634392816882,False,B3,334,0.0,0.0,0,,0.0,,0.0,False,-38.30634392816882,,horizon,,3.0,
PV,DLinear,334,61.47983616718303,0.0,0,,77.67366599336883,,61.47983616718303,False,B3,334,0.0,0.0,0,,0.0,,0.0,False,-61.47983616718303,,horizon,,4.0,
PV,DLinear,334,66.87592079860347,0.0,0,,85.2161322400683,,66.87592079860347,False,B3,334,0.0,0.0,0,,0.0,,0.0,False,-66.87592079860347,,horizon,,5.0,
PV,DLinear,334,71.4924751913393,0.0,0,,87.04766428533131,,71.4924751913393,False,B3,334,0.0,0.0,0,,0.0,,0.0,False,-71.4924751913393,,horizon,,6.0,
PV,DLinear,334,73.33830261575203,0.0,0,,86.93236246456065,,73.33830261575203,False,B3,334,0.0,0.0,0,,0.0,,0.0,False,-73.33830261575203,,horizon,,7.0,
PV,DLinear,334,74.10999372026268,0.0,0,,86.26591212151533,,74.10999372026268,False,B3,334,0.0,0.0,0,,0.0,,0.0,False,-74.10999372026268,,horizon,,8.0,
PV,DLinear,334,72.41925815193285,0.0,0,,85.29024341632919,,72.41925815193285,False,B3,334,0.0,0.0,0,,0.0,,0.0,False,-72.41925815193285,,horizon,,9.0,
PV,DLinear,334,69.3073164955042,0.0,0,,83.36826202747285,,69.3073164955042,False,B3,334,0.0,0.0,0,,0.0,,0.0,False,-69.3073164955042,,horizon,,10.0,
PV,DLinear,334,65.9252369471696,0.0,0,,81.29343663130251,,65.9252369471696,False,B3,334,0.0,0.0,0,,0.0,,0.0,False,-65.9252369471696,,horizon,,11.0,
PV,DLinear,334,62.99268343480739,0.0,0,,79.17395179220959,,62.99268343480739,False,B3,334,0.0,0.0,0,,0.0,,0.0,False,-62.99268343480739,,horizon,,12.0,
PV,DLinear,334,60.560386463663846,0.0,0,,77.55417910617876,,60.560386463663846,False,B3,334,0.0,0.0,0,,0.0,,0.0,False,-60.560386463663846,,horizon,,13.0,
PV,DLinear,334,59.96972057430719,0.0,0,,77.21128973191377,,59.96972057430719,False,B3,334,0.0,0.0,0,,0.0,,0.0,False,-59.96972057430719,,horizon,,14.0,
PV,DLinear,334,61.35356305924615,0.0,0,,77.59801412393941,,61.35356305924615,False,B3,334,0.0,0.0,0,,0.0,,0.0,False,-61.35356305924615,,horizon,,15.0,
PV,DLinear,334,63.420324359930824,0.0,0,,78.02035735177807,,63.420324359930824,False,B3,334,0.0,0.0,0,,0.0,,0.0,False,-63.420324359930824,,horizon,,16.0,
PV,DLinear,334,66.0308781880706,0.0,0,,78.77754484177612,,66.0308781880706,False,B3,334,0.0,0.0,0,,0.0,,0.0,False,-66.0308781880706,,horizon,,17.0,
PV,DLinear,334,68.39876943190052,0.0,0,,80.2295080328629,,68.39876943190052,False,B3,334,0.0,0.0,0,,0.0,,0.0,False,-68.39876943190052,,horizon,,18.0,
PV,DLinear,334,70.95892229642995,0.00019161676646706587,45,53.94365476229933,82.64698717673916,370316.8757344938,70.95892229642995,True,B3,334,5.97091531224e-05,0.000191616766467,45,0.00030253968254,0.000194272127538,0.311607142857,5.97091531224e-05,True,-70.95886258727683,-118840845.79430498,horizon,,19.0,
PV,DLinear,334,73.32801165586778,4.341317365269461e-05,11,102.1560690727818,85.70697600635309,1689072.8202110233,73.32801165586778,True,B3,334,5.91958939264e-05,4.34131736527e-05,11,0.000898701298701,0.000236100857286,1.36354679803,5.91958939264e-05,True,-73.32795245997386,-123873376.33779913,horizon,,20.0,
PV,DLinear,334,76.1228242220094,0.0,0,,88.80153123199295,,76.1228242220094,False,B3,334,0.0,0.0,0,,0.0,,0.0,False,-76.1228242220094,,horizon,,21.0,
PV,DLinear,334,78.93897000270445,0.003340718562874251,86,74.59967289074903,91.67477719597277,23629.338574030553,78.93897000270445,True,B3,334,0.000846449957228,0.00334071856287,86,0.00294568106312,0.00186681727045,0.253373620465,0.000846449957228,True,-78.93812355274723,-9325787.41113746,horizon,,22.0,
PV,DLinear,334,80.61593965197707,0.0012862275449101795,51,100.08413035566471,93.73776349894814,62676.26593054084,80.61593965197707,True,B3,334,0.000924807527801,0.00128622754491,51,0.00475238095238,0.00254685266781,0.719007714818,0.000924807527801,True,-80.61501484444928,-8716950.546037944,horizon,,23.0,
PV,DLinear,334,80.81836398597395,0.0,0,,94.04030017604018,,80.81836398597395,False,B3,334,0.0,0.0,0,,0.0,,0.0,False,-80.81836398597395,,horizon,,24.0,
PV,DLinear,334,80.06378338873077,0.046999101796407185,120,80.20953202736933,93.56747880604641,1703.517308385055,80.06378338873077,True,B3,334,0.0118972626176,0.0469991017964,120,0.0309554761905,0.025808657144,0.253138084833,0.0118972626176,True,-80.05188612611317,-672859.7047836018,horizon,,25.0,
PV,DLinear,334,78.22796378757073,0.018364670658682636,84,94.19455131478954,91.8981562594633,4259.698703095735,78.22796378757073,True,B3,334,0.012981094953,0.0183646706587,84,0.0423818027211,0.0353826900645,0.706851497324,0.012981094953,True,-78.21498269261772,-602529.9327661248,horizon,,26.0,
PV,DLinear,334,76.51931149976099,0.0,0,,90.99605470626867,,76.51931149976099,False,B3,334,0.0,0.0,0,,0.0,,0.0,False,-76.51931149976099,,horizon,,27.0,
PV,DLinear,334,75.4143519023639,0.6549850299401198,153,81.95053737484648,90.7797354133153,115.13904662715491,75.4143519023639,True,B3,334,0.165833875107,0.65498502994,153,0.338940429505,0.359471613674,0.253187275322,0.165833875107,True,-75.2485180272569,-45375.84252837652,horizon,,28.0,
PV,DLinear,334,78.63777515002857,0.2562559880239521,113,83.43484217069562,95.23467889725993,306.8719515841259,78.63777515002857,True,B3,334,0.180888708298,0.256255988024,113,0.440581415929,0.492782026762,0.705890659151,0.180888708298,True,-78.45688644173057,-43373.01492168267,horizon,,29.0,
PV,DLinear,334,87.80831395181035,0.3152694610778443,20,194.83090800845,108.67193691477651,278.51829876452666,87.80831395181035,True,B3,334,0.203378956373,0.315269461078,20,2.88321428571,0.832567321262,0.645095645095,0.203378956373,True,-87.60493499543735,-43074.72934159845,horizon,,30.0,
PV,DLinear,334,85.37314640717425,20.411647305389224,201,90.30419416799754,108.50173081665983,4.182570134093657,85.37314640717425,True,B3,334,4.36445530368,20.4116473054,201,6.83206496091,9.70511025129,0.213821806657,4.36445530368,True,-81.00869110349424,-1856.1008297000942,horizon,,31.0,
PV,DLinear,334,77.25117791367317,59.52477455089821,201,95.80385352386907,100.83561811140001,1.2977987484457845,77.25117791367317,True,B3,334,9.97460085543,59.5247745509,201,16.2746530917,19.6434594004,0.167570577641,9.97460085543,True,-67.27657705824318,-674.4788892642152,horizon,,32.0,
PV,DLinear,334,73.66183623200584,119.08596556886228,119,108.49968009809999,92.08765375628701,0.6185601794479332,73.66183623200584,True,B3,334,16.6592386655,119.085965569,119,45.49992497,32.1257863753,0.139892543894,16.6592386655,True,-57.00259756650584,-342.1680828941711,horizon,,33.0,
PV,DLinear,334,75.33573326676935,201.2523026946108,247,78.3151309775586,91.90759144949018,0.37433476416459766,75.33573326676935,True,B3,334,26.0350420873,201.252302695,247,34.6308766339,44.839348013,0.129365188565,26.0350420873,True,-49.300691179469354,-189.36282497318655,horizon,,34.0,
PV,DLinear,334,87.32270722473584,302.7644571856287,234,94.85958008209188,104.79494232082287,0.2884179604054289,87.32270722473584,True,B3,334,35.9016203593,302.764457186,234,50.9083706349,59.133665277,0.118579375839,35.9016203593,True,-51.42108686543584,-143.22776061586774,horizon,,35.0,
PV,DLinear,334,106.82454293648878,424.6123877245509,182,107.49931115415383,126.38137014669654,0.25158131515886584,106.82454293648878,True,B3,334,46.9954234389,424.612387725,182,85.3463795134,74.6132001736,0.110678408821,46.9954234389,True,-59.829119497588785,-127.30839541295806,horizon,,36.0,
PV,DLinear,334,125.03261200339759,569.6528290419162,278,116.61771915305214,148.93802985443457,0.21948914431564673,125.03261200339759,True,B3,334,58.4076569717,569.652829042,278,69.6537779547,88.3606991384,0.102532023004,58.4076569717,True,-66.6249550316976,-114.06887125086884,horizon,,37.0,
PV,DLinear,334,144.83505335326473,735.0893826347306,265,147.22887499318801,175.37961237459788,0.1970305336667255,144.83505335326473,True,B3,334,72.8001020957,735.089382635,265,91.4275897573,104.92099364,0.0990357143165,72.8001020957,True,-72.03495125756473,-98.94897010291355,horizon,,38.0,
PV,DLinear,334,165.2870546753829,922.5824101796408,246,163.76288797364228,204.18507126271265,0.17915695427490214,165.2870546753829,True,B3,334,92.6292985458,922.58241018,246,125.183057491,129.798702933,0.100402194453,92.6292985458,True,-72.6577561295829,-78.43928138315515,horizon,,39.0,
PV,DLinear,334,175.4362743350131,1136.0352023952096,310,165.78716019527573,223.39062737631568,0.154428554647888,175.4362743350131,True,B3,334,110.018741916,1136.0352024,310,118.188327696,150.842750565,0.0968444830618,110.018741916,True,-65.41753241901311,-59.460353099619894,horizon,,40.0,
PV,DLinear,334,180.74153975602775,1374.1298443113774,302,194.76512022281787,233.83579999887385,0.13153163109313254,180.74153975602775,True,B3,334,123.761945381,1374.12984431,302,136.802908656,165.733133831,0.0900656847626,123.761945381,True,-56.979594375027744,-46.039672533925184,horizon,,41.0,
PV,DLinear,334,194.5017719499563,1636.9087949101795,314,198.814733650793,243.81633471315874,0.11882260792705253,194.5017719499563,True,B3,334,140.060398845,1636.90879491,314,148.867066652,185.67708801,0.0855639601184,140.060398845,True,-54.441373104956284,-38.86992579908662,horizon,,42.0,
PV,DLinear,334,201.21230696857782,1925.3435047904193,334,201.21230696857782,252.08978143595098,0.10450722505773354,201.21230696857782,True,B3,334,154.890472156,1925.34350479,334,154.890472156,203.903715566,0.0804482274307,154.890472156,True,-46.32183481257783,-29.90618736440043,horizon,,43.0,
PV,DLinear,334,207.06876044331736,2222.2435035928142,334,207.06876044331736,264.56160210258224,0.09318004984986512,207.06876044331736,True,B3,334,171.747855731,2222.24350359,334,171.747855731,224.835746576,0.0772857949426,171.747855731,True,-35.32090471231737,-20.565557899970944,horizon,,44.0,
PV,DLinear,334,216.91231105356587,2520.788847305389,334,216.91231105356587,279.78020454712913,0.08604937747381558,216.91231105356587,True,B3,334,189.104576561,2520.78884731,334,189.104576561,246.820421466,0.0750180153975,189.104576561,True,-27.807734492565885,-14.704950561360882,horizon,,45.0,
PV,DLinear,334,229.27080480841613,2824.5786976047907,334,229.27080480841613,296.79494528440665,0.08116991217233036,229.27080480841613,True,B3,334,203.661972156,2824.5786976,334,203.661972156,264.031056625,0.0721034865583,203.661972156,True,-25.60883265241614,-12.574184753941404,horizon,,46.0,
PV,DLinear,334,242.2046289232036,3129.331613772455,334,242.2046289232036,315.8356578275599,0.07739819834281557,242.2046289232036,True,B3,334,215.027750256,3129.33161377,334,215.027750256,283.667612431,0.0687136349852,215.027750256,True,-27.176878667203596,-12.638777383313702,horizon,,47.0,
PV,DLinear,334,255.3205983119461,3433.21246257485,334,255.3205983119461,334.65171913913593,0.07436784093474368,255.3205983119461,True,B3,334,228.412852866,3433.21246257,334,228.412852866,305.050585584,0.066530357604,228.412852866,True,-26.90774544594609,-11.780311444090106,horizon,,48.0,
PV,DLinear,334,260.0071833402694,3737.1011988023956,334,260.0071833402694,341.9662143231153,0.06957456314632106,260.0071833402694,True,B3,334,238.173520145,3737.1011988,334,238.173520145,313.743259267,0.0637321569514,238.173520145,True,-21.833663195269423,-9.167124532558066,horizon,,49.0,
PV,DLinear,334,273.6686976909282,4034.8848862275445,334,273.6686976909282,358.83311049553095,0.06782565188539925,273.6686976909282,True,B3,334,258.040234944,4034.88488623,334,258.040234944,334.519902944,0.0639523164155,258.040234944,True,-15.628462746928165,-6.05659917738017,horizon,,50.0,
PV,DLinear,334,293.79831052191616,4326.830838323353,334,293.79831052191616,387.56056931491185,0.06790150146839644,293.79831052191616,True,B3,334,289.177737382,4326.83083832,334,289.177737382,369.844464405,0.0668336129116,289.177737382,True,-4.620573139916189,-1.5978315556886984,horizon,,51.0,
PV,DLinear,334,298.96302698901195,4617.745588323353,334,298.96302698901195,390.79430994856983,0.06474220401942103,298.96302698901195,True,B3,334,293.070238708,4617.74558832,334,293.070238708,379.341128385,0.0634660860159,293.070238708,True,-5.892788281011974,-2.010708527413199,horizon,,52.0,
PV,DLinear,334,322.65000214251495,4898.395581137725,334,322.65000214251495,414.6434239444239,0.06586850669736533,322.65000214251495,True,B3,334,316.960332463,4898.39558114,334,316.960332463,404.043831898,0.064706969295,316.960332463,True,-5.689669679514964,-1.795073104354199,horizon,,53.0,
PV,DLinear,334,363.7493437679042,5167.71500748503,334,363.7493437679042,461.1675255728285,0.070388816573871,363.7493437679042,True,B3,334,349.317809025,5167.71500749,334,349.317809025,446.592019025,0.0675961829394,349.317809025,True,-14.431534742904205,-4.131348121982343,horizon,,54.0,
PV,DLinear,334,377.59752187,5433.671980239521,334,377.59752187,485.6487640983508,0.0694921451355912,377.59752187,True,B3,334,363.566556031,5433.67198024,334,363.566556031,472.189988787,0.0669099197289,363.566556031,True,-14.030965838999975,-3.859256470719932,horizon,,55.0,
PV,DLinear,334,384.8079584211078,5693.207715269461,334,384.8079584211078,499.2680512841847,0.06759071118888461,384.8079584211078,True,B3,334,371.695465056,5693.20771527,334,371.695465056,486.219507195,0.0652875292182,371.695465056,True,-13.11249336510781,-3.527751774731034,horizon,,56.0,
PV,DLinear,334,397.1352868642515,5938.282297904192,334,397.1352868642515,514.0083172829355,0.06687713162515246,397.1352868642515,True,B3,334,376.095792344,5938.2822979,334,376.095792344,497.643889182,0.0633341046243,376.095792344,True,-21.03949452025148,-5.594185031723908,horizon,,57.0,
PV,DLinear,334,403.06855460781435,6161.27268263473,334,403.06855460781435,523.0645981682984,0.06541969092584475,403.06855460781435,True,B3,334,388.863374252,6161.27268263,334,388.863374252,500.86606621,0.0631141314923,388.863374252,True,-14.20518035581432,-3.653000332864663,horizon,,58.0,
PV,DLinear,334,409.49433322161684,6364.7422386227545,334,409.49433322161684,533.2190561349971,0.06433792883814034,409.49433322161684,True,B3,334,391.834454619,6364.74223862,334,391.834454619,508.01666821,0.061563287236,391.834454619,True,-17.659878602616857,-4.506974410861452,horizon,,59.0,
PV,DLinear,334,425.8280433088324,6556.978068862275,334,425.8280433088324,555.5445019038726,0.06494272801231427,425.8280433088324,True,B3,334,410.462264756,6556.97806886,334,410.462264756,530.830276697,0.0625993041986,410.462264756,True,-15.365778552832353,-3.743530129856533,horizon,,60.0,
PV,DLinear,334,437.6289453974551,6743.350059281436,334,437.6289453974551,571.8354932384084,0.06489785367068551,437.6289453974551,True,B3,334,420.364007656,6743.35005928,334,420.364007656,542.277723229,0.0623375627783,420.364007656,True,-17.26493774145507,-4.107139866166571,horizon,,61.0,
PV,DLinear,334,450.6120150208083,6906.278846107784,334,450.6120150208083,580.4339402273039,0.06524671607703222,450.6120150208083,True,B3,334,430.390735629,6906.27884611,334,430.390735629,543.189561832,0.0623187602498,430.390735629,True,-20.22127939180831,-4.698353778980782,horizon,,62.0,
PV,DLinear,334,458.664173097994,7052.805426646707,334,458.664173097994,592.4988652530394,0.06503286924166123,458.664173097994,True,B3,334,440.559511335,7052.80542665,334,440.559511335,551.414362885,0.062465853612,440.559511335,True,-18.104661762994,-4.109470184432648,horizon,,63.0,
PV,DLinear,334,460.0479221631138,7207.4151853293415,334,460.0479221631138,599.1744289306127,0.06382980726565317,460.0479221631138,True,B3,334,446.68471296,7207.41518533,334,446.68471296,565.97363604,0.0619757154922,446.68471296,True,-13.363209203113797,-2.9916423856462835,horizon,,64.0,
PV,DLinear,334,463.6483617409282,7343.919296706587,334,463.6483617409282,604.824307300258,0.06313364063639061,463.6483617409282,True,B3,334,454.647856715,7343.91929671,334,454.647856715,578.354821549,0.0619080682053,454.647856715,True,-9.000505025928192,-1.9796651172976358,horizon,,65.0,
PV,DLinear,334,468.6621327081437,7448.55123502994,334,468.6621327081437,614.2273336804784,0.0629199045452038,468.6621327081437,True,B3,334,455.688948888,7448.55123503,334,455.688948888,584.003178171,0.0611781988885,455.688948888,True,-12.973183820143674,-2.8469384328502216,horizon,,66.0,
PV,DLinear,334,474.4805280673653,7532.427376946108,334,474.4805280673653,625.1142210132466,0.06299171625863524,474.4805280673653,True,B3,334,459.216472412,7532.42737695,334,459.216472412,587.309084425,0.0609652704808,459.216472412,True,-15.264055655365325,-3.323934695807409,horizon,,67.0,
PV,DLinear,334,487.4070040235929,7604.241228443113,334,487.4070040235929,634.9743988411217,0.06409673094016038,487.4070040235929,True,B3,334,461.318117622,7604.24122844,334,461.318117622,596.076760517,0.060665897328,461.318117622,True,-26.0888864015929,-5.655291956898581,horizon,,68.0,
PV,DLinear,334,501.49914272065865,7665.998353293414,334,501.49914272065865,646.2409434969765,0.06541863428723645,501.49914272065865,True,B3,334,477.906720488,7665.99835329,334,477.906720488,613.646712939,0.0623410935488,477.906720488,True,-23.592422232658635,-4.936616544870502,horizon,,69.0,
PV,DLinear,334,504.9866389400001,7712.440164670659,334,504.9866389400001,648.3363757000895,0.06547689552954403,504.9866389400001,True,B3,334,489.95894538,7712.44016467,334,489.95894538,622.369104732,0.063528395024,489.95894538,True,-15.027693560000102,-3.0671332163034593,horizon,,70.0,
PV,DLinear,334,507.2284460639222,7733.511822754491,334,507.2284460639222,649.4608912268077,0.06558837145260349,507.2284460639222,True,B3,334,496.726592429,7733.51182275,334,496.726592429,625.782724523,0.0642304044804,496.726592429,True,-10.501853634922213,-2.1142120826606043,horizon,,71.0,
PV,DLinear,334,504.5912678813473,7741.894311377246,334,504.5912678813473,651.6203511516633,0.06517671871854615,504.5912678813473,True,B3,334,495.076459581,7741.89431138,334,495.076459581,628.537917687,0.0639477161104,495.076459581,True,-9.514808300347283,-1.9218866331071343,horizon,,72.0,
PV,DLinear,334,506.6908154415869,7759.621300299401,334,506.6908154415869,646.067408882648,0.06529839483558772,506.6908154415869,True,B3,334,502.072728742,7759.6213003,334,502.072728742,629.638293292,0.0647032515263,502.072728742,True,-4.618086699586911,-0.9198043301730507,horizon,,73.0,
PV,DLinear,334,502.3370318037425,7751.905548802396,334,502.3370318037425,644.3804666318358,0.06480174824644881,502.3370318037425,True,B3,334,490.467719247,7751.9055488,334,490.467719247,623.79333039,0.06327060052,490.467719247,True,-11.8693125567425,-2.419998725902918,horizon,,74.0,
PV,DLinear,334,491.0153641533234,7697.990905688623,334,491.0153641533234,645.3505116733986,0.06378487194502598,491.0153641533234,True,B3,334,478.278801326,7697.99090569,334,478.278801326,616.01542962,0.0621303411742,478.278801326,True,-12.736562827323382,-2.6629996545972783,horizon,,75.0,
PV,DLinear,334,495.57163003083826,7612.251760479042,334,495.57163003083826,641.9162048748075,0.06510184445077415,495.57163003083826,True,B3,334,485.614772327,7612.25176048,334,485.614772327,626.777782111,0.0637938401943,485.614772327,True,-9.956857703838239,-2.050361371036208,horizon,,76.0,
PV,DLinear,334,487.6377067375149,7533.309773952096,334,487.6377067375149,629.7714534172742,0.06473087147214077,487.6377067375149,True,B3,334,481.877959581,7533.30977395,334,481.877959581,629.001403291,0.0639663008745,481.877959581,True,-5.759747156514891,-1.1952709274196884,horizon,,77.0,
PV,DLinear,334,471.20266344949107,7453.6548278443115,334,471.20266344949107,609.6185229839977,0.06321766627684967,471.20266344949107,True,B3,334,473.776363345,7453.65482784,334,473.776363345,607.166916442,0.0635629599555,473.776363345,True,2.5736998955089234,0.5432309618271894,horizon,,78.0,
PV,DLinear,334,455.8827789436527,7330.52559760479,334,455.8827789436527,596.796550445469,0.062189644231323594,455.8827789436527,True,B3,334,445.255367622,7330.5255976,334,445.255367622,580.039706777,0.0607398967091,445.255367622,True,-10.627411321652687,-2.3868126235986984,horizon,,79.0,
PV,DLinear,334,439.2801232131737,7186.9955344311375,334,439.2801232131737,571.0552327702986,0.06112152444073327,439.2801232131737,True,B3,334,429.930682763,7186.99553443,334,429.930682763,552.580652964,0.0598206414215,429.930682763,True,-9.349440450173688,-2.174639034852877,horizon,,80.0,
PV,DLinear,334,416.4108607693413,7047.655239520958,334,416.4108607693413,534.2863794764313,0.05908502141737079,416.4108607693413,True,B3,334,404.376325919,7047.65523952,334,404.376325919,523.251222953,0.0573774272685,404.376325919,True,-12.034534850341288,-2.9760730485374425,horizon,,81.0,
PV,DLinear,334,406.587609795,6912.767767664671,334,406.587609795,519.5276767650353,0.0588169056823902,406.587609795,True,B3,334,399.467317879,6912.76776766,334,399.467317879,511.500113624,0.0577868852686,399.467317879,True,-7.120291915999985,-1.7824466726854349,horizon,,82.0,
PV,DLinear,334,403.28807950715566,6749.093075449102,334,403.28807950715566,504.6683207451836,0.05975441070359218,403.28807950715566,True,B3,334,390.83452438,6749.09307545,334,390.83452438,496.423258735,0.0579091916515,390.83452438,True,-12.453555127155653,-3.1864009831043814,horizon,,83.0,
PV,DLinear,334,385.065094001497,6555.239371257486,334,385.065094001497,484.56089394189394,0.05874157634729215,385.065094001497,True,B3,334,366.773994867,6555.23937126,334,366.773994867,474.284469386,0.0559512741023,366.773994867,True,-18.291099134497017,-4.9870218146544865,horizon,,84.0,
PV,DLinear,334,369.44078392898206,6359.2640793413175,334,369.44078392898206,477.1013418791387,0.05809489578033818,369.44078392898206,True,B3,334,366.515429513,6359.26407934,334,366.515429513,469.24604475,0.0576348811655,366.515429513,True,-2.925354415982042,-0.7981531418388164,horizon,,85.0,
PV,DLinear,334,363.3044300621557,6147.573525748503,334,363.3044300621557,470.37530568128705,0.059097207791088804,363.3044300621557,True,B3,334,358.552459923,6147.57352575,334,358.552459923,460.769162595,0.0583242247402,358.552459923,True,-4.751970139155674,-1.3253207466980341,horizon,,86.0,
PV,DLinear,334,360.67755038643713,5913.150224550898,334,360.67755038643713,459.73188397139137,0.06099583752987275,360.67755038643713,True,B3,334,352.787024166,5913.15022455,334,352.787024166,446.520571163,0.059661434391,352.787024166,True,-7.8905262204371525,-2.2366259754282667,horizon,,87.0,
PV,DLinear,334,356.17705868586825,5665.804364371258,334,356.17705868586825,456.64908916644805,0.06286434119145476,356.17705868586825,True,B3,334,347.718008041,5665.80436437,334,347.718008041,445.705252181,0.0613713403568,347.718008041,True,-8.459050644868228,-2.4327329759322693,horizon,,88.0,
PV,DLinear,334,347.4638360188024,5412.666122754491,334,347.4638360188024,448.16370547455216,0.06419458140196148,347.4638360188024,True,B3,334,336.840091232,5412.66612275,334,336.840091232,433.992321078,0.0622318250548,336.840091232,True,-10.623744786802376,-3.1539430914965605,horizon,,89.0,
PV,DLinear,334,340.79261213526945,5153.768151197605,334,340.79261213526945,438.183884099605,0.06612494045858036,340.79261213526945,True,B3,334,318.7909645,5153.7681512,334,318.7909645,415.107850426,0.0618558994404,318.7909645,True,-22.001647635269478,-6.901590724121505,horizon,,90.0,
PV,DLinear,334,335.8219281464072,4885.336993113772,334,335.8219281464072,431.95570050491614,0.06874079078265674,335.8219281464072,True,B3,334,304.578025535,4885.33699311,334,304.578025535,399.779119896,0.0623453460762,304.578025535,True,-31.24390261140718,-10.25809480395914,horizon,,91.0,
PV,DLinear,334,328.08959600742514,4612.7536526946105,334,328.08959600742514,418.8641938969006,0.07112662429214416,328.08959600742514,True,B3,334,295.748720488,4612.75365269,334,295.748720488,386.96356965,0.0641154379261,295.748720488,True,-32.34087551942514,-10.935254585737885,horizon,,92.0,
PV,DLinear,334,308.66218570488024,4330.901047904192,334,308.66218570488024,390.3623599759619,0.07126973862731127,308.66218570488024,True,B3,334,280.007720274,4330.9010479,334,280.007720274,361.230234009,0.0646534559845,280.007720274,True,-28.654465430880236,-10.23345549288447,horizon,,93.0,
PV,DLinear,334,285.4722000055988,4030.3562700598804,334,285.4722000055988,364.62680006567456,0.07083051246021917,285.4722000055988,True,B3,334,245.568691018,4030.35627006,334,245.568691018,323.249346284,0.0609297725966,245.568691018,True,-39.90350898759877,-16.24942854977953,horizon,,94.0,
PV,DLinear,334,277.9467111212874,3734.538818862275,334,277.9467111212874,351.3396267656967,0.0744259799141581,277.9467111212874,True,B3,334,228.875056758,3734.53881886,334,228.875056758,301.241713301,0.0612860296435,228.875056758,True,-49.07165436328742,-21.44036797123468,horizon,,95.0,
PV,DLinear,334,272.90066012910177,3444.3921781437125,334,272.90066012910177,340.39723956630615,0.07923042615785297,272.90066012910177,True,B3,334,228.00886976,3444.39217814,334,228.00886976,294.277401484,0.0661971279598,228.00886976,True,-44.891790369101756,-19.68861580532127,horizon,,96.0,
PV,DLinear,334,254.23842370287426,3138.0441422155686,334,254.23842370287426,318.6899014997542,0.08101811580106488,254.23842370287426,True,B3,334,210.372700128,3138.04414222,334,210.372700128,271.940914663,0.0670394330336,210.372700128,True,-43.865723574874266,-20.85143345509395,horizon,,97.0,
PV,DLinear,334,239.59419908444315,2825.4450793413175,334,239.59419908444315,298.8957981072183,0.08479874581044718,239.59419908444315,True,B3,334,190.774905518,2825.44507934,334,190.774905518,248.292894827,0.0675203021685,190.774905518,True,-48.81929356644315,-25.589997507212473,horizon,,98.0,
PV,DLinear,334,232.18652381583533,2519.6907934131737,334,232.18652381583533,286.260260112214,0.09214881620506912,232.18652381583533,True,B3,334,177.120712147,2519.69079341,334,177.120712147,233.043303033,0.0702946221061,177.120712147,True,-55.06581166883532,-31.089425398839783,horizon,,99.0,
PV,DLinear,334,215.80197834020362,2223.9771649700597,334,215.80197834020362,269.58819581982146,0.09703425994623864,215.80197834020362,True,B3,334,161.47429521,2223.97716497,334,161.47429521,213.184690608,0.0726060940521,161.47429521,True,-54.32768313020361,-33.64478727685392,horizon,,100.0,
PV,DLinear,334,206.76435095806585,1923.760845508982,334,206.76435095806585,256.9659420403445,0.10747923861781315,206.76435095806585,True,B3,334,145.592870872,1923.76084551,334,145.592870872,190.749733597,0.0756813775539,145.592870872,True,-61.171480086065856,-42.01543641504646,horizon,,101.0,
PV,DLinear,334,204.7656866692015,1628.8910928143712,314,212.26594755613564,252.38333353436158,0.1257086416473742,204.7656866692015,True,B3,334,132.985698246,1628.89109281,314,141.341679936,170.540463548,0.0816418598106,132.985698246,True,-71.7799884232015,-53.97572022400577,horizon,,102.0,
PV,DLinear,334,195.45754983184074,1369.4940200598803,301,212.35507350379734,245.98645023398262,0.14272245586241733,195.45754983184074,True,B3,334,121.588578999,1369.49402006,301,134.793316801,156.656757905,0.0887835778895,121.588578999,True,-73.86897083284073,-60.75321501491374,horizon,,103.0,
PV,DLinear,334,188.76813725621986,1132.3800350299402,309,177.37742255025185,229.5471697426842,0.16670034035987646,188.76813725621986,True,B3,334,106.90796112,1132.38003503,309,115.228426213,142.508014456,0.094409966454,106.90796112,True,-81.86017613621986,-76.57070182484821,horizon,,104.0,
PV,DLinear,334,174.7415696193974,914.4424401197606,246,174.44540526208942,207.53783278172338,0.19109083519407985,174.7415696193974,True,B3,334,89.1698674081,914.44244012,246,120.496929443,125.966287659,0.097512826938,89.1698674081,True,-85.5717022112974,-95.96481939315328,horizon,,105.0,
PV,DLinear,334,160.55824911167215,726.8484383233532,268,170.88989618329478,187.81411262579414,0.22089646292979248,160.55824911167215,True,B3,334,72.5466363132,726.848438323,268,90.1720383264,104.756900824,0.0998098537304,72.5466363132,True,-88.01161279847216,-121.31728949982796,horizon,,106.0,
PV,DLinear,334,147.97638792392405,564.6207380239521,276,152.35537626130926,175.67321249545125,0.26208103592122517,147.97638792392405,True,B3,334,57.2495571429,564.620738024,276,68.7571343685,84.5851673517,0.101394712038,57.2495571429,True,-90.72683078102405,-158.47603948195055,horizon,,107.0,
PV,DLinear,334,132.57156351457715,422.56190119760475,182,167.92196874084837,167.5647100646343,0.31373288301394225,132.57156351457715,True,B3,334,43.3466638152,422.561901198,182,78.66116562,68.5831474753,0.102580624738,43.3466638152,True,-89.22489969937715,-205.84029276109922,horizon,,108.0,
PV,DLinear,334,117.14042642758756,301.3818422155689,236,132.75094316613968,154.11150700453024,0.38867778352685467,117.14042642758756,True,B3,334,34.0683006844,301.381842216,236,47.8683118039,57.0285984876,0.113040322648,34.0683006844,True,-83.07212574318756,-243.83994526978736,horizon,,109.0,
PV,DLinear,334,106.54722976371617,199.9325275449102,245,108.67905501482353,140.65134381224715,0.532915934550884,106.54722976371617,True,B3,334,25.296530154,199.932527545,245,33.9099826239,44.1573447229,0.126525335645,25.296530154,True,-81.25069960971618,-321.1930613213704,horizon,,110.0,
PV,DLinear,334,98.91245717931427,118.39704341317366,119,110.78542946612244,130.2198227373198,0.8354301283870456,98.91245717931427,True,B3,334,16.737927716,118.397043413,119,45.7353241296,31.3405749362,0.14137116294,16.737927716,True,-82.17452946331427,-490.94804839408266,horizon,,111.0,
PV,DLinear,334,96.36217998998816,59.352380538922155,203,104.22406861560995,121.35166736092164,1.6235604893184645,96.36217998998816,True,B3,334,10.0447362703,59.3523805389,203,16.2611278677,19.2840647115,0.169238978776,10.0447362703,True,-86.31744371968816,-859.3301147677636,horizon,,112.0,
PV,DLinear,334,96.57415182511082,20.388505988023955,201,93.31432280485454,120.23082006543055,4.736695856078797,96.57415182511082,True,B3,334,4.18898045337,20.388505988,201,6.53632366736,9.14643444393,0.205457940657,4.18898045337,True,-92.38517137174082,-2205.4333363484116,horizon,,113.0,
PV,DLinear,334,93.26798017168468,0.3008982035928144,20,134.932502186665,117.46324079349547,309.9652276352506,93.26798017168468,True,B3,334,0.180827630453,0.300898203593,20,2.50098214286,0.746977480708,0.600959488273,0.180827630453,True,-93.08715254123169,-51478.38983900557,horizon,,114.0,
PV,DLinear,334,80.00035282870085,0.2508682634730539,116,95.44541538644197,103.29568621408144,318.89387569860463,80.00035282870085,True,B3,334,0.173905774166,0.250868263473,116,0.423886453202,0.472215688719,0.693215521798,0.173905774166,True,-79.82644705453485,-45902.1256984471,horizon,,115.0,
PV,DLinear,334,69.94961898084485,0.6564982035928144,152,67.6831851421217,93.85971011455412,106.54959693420625,69.94961898084485,True,B3,334,0.164626005133,0.656498203593,152,0.330503665414,0.34780831619,0.250763831845,0.164626005133,True,-69.78499297571184,-42390.01785855954,horizon,,116.0,
PV,DLinear,334,64.73524907388641,0.0,0,,86.5601095623335,,64.73524907388641,False,B3,334,0.0,0.0,0,,0.0,,0.0,False,-64.73524907388641,,horizon,,117.0,
PV,DLinear,334,61.208219253736,0.017976646706586826,86,83.17083226882511,80.35162317742775,3404.874126569372,61.208219253736,True,B3,334,0.0124792985458,0.0179766467066,86,0.0408817275748,0.0339057759089,0.69419501587,0.0124792985458,True,-61.1957399551902,-490378.0427289006,horizon,,118.0,
PV,DLinear,334,58.83886147848421,0.04710508982035928,119,56.9208639914051,76.11408624050424,1249.097745124211,58.83886147848421,True,B3,334,0.0118103507271,0.0471050898204,119,0.0300280912365,0.0249721149141,0.250723452013,0.0118103507271,True,-58.82705112775711,-498097.41037387407,horizon,,119.0,
PV,DLinear,334,58.70816049834411,0.0,0,,74.7645307331129,,58.70816049834411,False,B3,334,0.0,0.0,0,,0.0,,0.0,False,-58.70816049834411,,horizon,,120.0,
PV,DLinear,334,59.28477316786562,0.0012562874251497006,53,67.4688560897949,75.24770450590266,47190.45337956892,59.28477316786562,True,B3,334,0.000890248075278,0.00125628742515,53,0.00463477088949,0.00245072844294,0.708634073267,0.000890248075278,True,-59.283882919790344,-6659254.264748353,horizon,,121.0,
PV,DLinear,334,60.41221691527407,0.0033538922155688625,87,45.95151271681097,76.40359799666133,18012.56958552182,60.41221691527407,True,B3,334,0.000840975192472,0.00335389221557,87,0.00287405582923,0.00180010353145,0.250746040248,0.000840975192472,True,-60.4113759400816,-7183490.842637784,horizon,,122.0,
PV,DLinear,334,61.448019108262024,0.0,0,,77.11688561264104,,61.448019108262024,False,B3,334,0.0,0.0,0,,0.0,,0.0,False,-61.448019108262024,,horizon,,123.0,
PV,DLinear,334,62.19443751276919,4.461077844311377e-05,12,56.19391434961333,76.99145232142669,1394157.189883551,62.19443751276919,True,B3,334,5.54319931565e-05,4.46107784431e-05,12,0.000771428571428,0.000225627968032,1.24256951103,5.54319931565e-05,True,-62.19438208077604,-112199433.1056867,horizon,,124.0,
PV,DLinear,334,62.342859440203334,0.00019850299401197603,47,27.96124912080987,76.33237232193002,314065.08375607716,62.342859440203334,True,B3,334,5.62018819504e-05,0.000198502994012,47,0.000287537993921,0.000180176702546,0.28312863607,5.62018819504e-05,True,-62.34280323832138,-110926540.31290436,horizon,,125.0,
PV,DLinear,334,61.89195331943087,0.0,0,,76.39577003463425,,61.89195331943087,False,B3,334,0.0,0.0,0,,0.0,,0.0,False,-61.89195331943087,,horizon,,126.0,
PV,DLinear,334,61.59802828712016,0.0,0,,77.01332911433896,,61.59802828712016,False,B3,334,0.0,0.0,0,,0.0,,0.0,False,-61.59802828712016,,horizon,,127.0,
PV,DLinear,334,61.44836809363945,0.0,0,,77.09397144494514,,61.44836809363945,False,B3,334,0.0,0.0,0,,0.0,,0.0,False,-61.44836809363945,,horizon,,128.0,
PV,DLinear,334,61.70461068963336,0.0,0,,76.92678627781463,,61.70461068963336,False,B3,334,0.0,0.0,0,,0.0,,0.0,False,-61.70461068963336,,horizon,,129.0,
PV,DLinear,334,61.99854548433459,0.0,0,,77.07814280704864,,61.99854548433459,False,B3,334,0.0,0.0,0,,0.0,,0.0,False,-61.99854548433459,,horizon,,130.0,
PV,DLinear,334,62.816846018894736,0.0,0,,77.67783299939114,,62.816846018894736,False,B3,334,0.0,0.0,0,,0.0,,0.0,False,-62.816846018894736,,horizon,,131.0,
PV,DLinear,334,63.211859327888895,0.0,0,,77.6018080915007,,63.211859327888895,False,B3,334,0.0,0.0,0,,0.0,,0.0,False,-63.211859327888895,,horizon,,132.0,
PV,DLinear,334,62.31714792777726,0.0,0,,76.32706484690765,,62.31714792777726,False,B3,334,0.0,0.0,0,,0.0,,0.0,False,-62.31714792777726,,horizon,,133.0,
PV,DLinear,334,60.891479992266255,0.0,0,,74.92538084427954,,60.891479992266255,False,B3,334,0.0,0.0,0,,0.0,,0.0,False,-60.891479992266255,,horizon,,134.0,
PV,DLinear,334,59.67490540638217,0.0,0,,73.53101381564025,,59.67490540638217,False,B3,334,0.0,0.0,0,,0.0,,0.0,False,-59.67490540638217,,horizon,,135.0,
PV,DLinear,334,58.78063217094538,0.0,0,,71.8307210111894,,58.78063217094538,False,B3,334,0.0,0.0,0,,0.0,,0.0,False,-58.78063217094538,,horizon,,136.0,
PV,DLinear,334,57.65588031745519,0.0,0,,69.79040442217722,,57.65588031745519,False,B3,334,0.0,0.0,0,,0.0,,0.0,False,-57.65588031745519,,horizon,,137.0,
PV,DLinear,334,56.555298210707,0.0,0,,68.2285345870946,,56.555298210707,False,B3,334,0.0,0.0,0,,0.0,,0.0,False,-56.555298210707,,horizon,,138.0,
PV,DLinear,334,56.44952988853591,0.0,0,,68.34074458322334,,56.44952988853591,False,B3,334,0.0,0.0,0,,0.0,,0.0,False,-56.44952988853591,,horizon,,139.0,
PV,DLinear,334,57.186435010391406,0.0,0,,69.66220666748346,,57.186435010391406,False,B3,334,0.0,0.0,0,,0.0,,0.0,False,-57.186435010391406,,horizon,,140.0,
PV,DLinear,334,57.745825234274314,0.0,0,,70.81202241441268,,57.745825234274314,False,B3,334,0.0,0.0,0,,0.0,,0.0,False,-57.745825234274314,,horizon,,141.0,
PV,DLinear,334,58.25269961344667,0.0,0,,71.45667662341518,,58.25269961344667,False,B3,334,0.0,0.0,0,,0.0,,0.0,False,-58.25269961344667,,horizon,,142.0,
PV,DLinear,334,59.440624396324836,0.0,0,,72.29220876797694,,59.440624396324836,False,B3,334,0.0,0.0,0,,0.0,,0.0,False,-59.440624396324836,,horizon,,143.0,
PV,DLinear,334,61.30073220476083,0.0,0,,73.58695919996525,,61.30073220476083,False,B3,334,0.0,0.0,0,,0.0,,0.0,False,-61.30073220476083,,horizon,,144.0,
Load,DLinear,4320,171.3771554983287,4479.804225347222,0,,216.95898415661304,0.03825550110619969,,True,B2,4320,150.157177731,4479.80422535,0,,190.224738906,0.033518691929,,True,-21.219977767328714,-14.131843770627718,history_size,,,31-60 days
Load,DLinear,8640,135.11405624012383,4398.502329571759,0,,170.56382864130123,0.03071819590312201,,True,B2,8640,132.463719294,4398.50232957,0,,168.192760893,0.0301156414999,,True,-2.6503369461238435,-2.0008021519020507,history_size,,,61-120 days
Load,DLinear,17280,215.65077278154342,4900.310303969907,0,,272.32166154482894,0.04400757490945776,,True,B2,17280,211.241990029,4900.31030397,0,,286.824487926,0.0431078803026,,True,-4.408782752543431,-2.087076888424588,history_size,,,121-240 days
Load,DLinear,17856,177.33069108614976,4481.143621298163,0,,227.94220459621445,0.03957264173442805,,True,B2,17856,171.356399826,4481.1436213,0,,242.245562164,0.0382394349094,,True,-5.974291260149755,-3.486471042935201,history_size,,,>240 days
PV,DLinear,4320,161.56866526193335,1966.0587460879628,2186,263.58782779087,271.47702651763603,0.08217896112383238,161.56866526193335,True,B3,4320,123.914249263,1966.05874609,2186,244.858199784,254.837762662,0.0630267277156,123.914249263,True,-37.654415998933345,-30.387478617583582,history_size,,,31-60 days
PV,DLinear,8640,210.3366920835535,2524.1679050810185,4889,323.91351731087053,350.0318984933983,0.08332912072138969,210.3366920835535,True,B3,8640,164.329290346,2524.16790508,4889,290.387389785,313.066432106,0.0651023610651,164.329290346,True,-46.007401737553494,-27.99707930380737,history_size,,,61-120 days
PV,DLinear,17280,232.29029902796424,2702.5446674363425,10711,332.5234045426506,374.85781234035903,0.08595243654134192,232.29029902796424,True,B3,17280,190.099873056,2702.54466744,10711,306.634381524,358.266114792,0.0703410660871,190.099873056,True,-42.19042597196423,-22.193821223402757,history_size,,,121-240 days
PV,DLinear,17856,177.59928351704838,2095.1603735103045,9094,278.44215456158116,277.2674876094414,0.08476643877122035,177.59928351704838,True,B3,17856,119.728486942,2095.16037351,9094,234.893518112,247.676370714,0.0571452612679,119.728486942,True,-57.870796575048374,-48.33502707094485,history_size,,,>240 days
