series,model,target_group,target_date,history_days,status,reason,n,MAE,mean_abs_actual_kw,daylight_n,daylight_mae_kw,RMSE,nMAE,all_day_mae_kw,nmae_defined
Load,B0,spring,2025-03-20,7,completed,,144.0,1533.821748611111,4902.015905555556,0.0,,1948.4202393109424,0.3128961182832555,,True
Load,B1,spring,2025-03-20,7,completed,,144.0,127.49016944444445,4902.015905555556,0.0,,174.8290154129437,0.026007702116991747,,True
Load,B2,spring,2025-03-20,7,completed,,144.0,129.5548923611111,4902.015905555556,0.0,,157.66520132623742,0.026428900855724243,,True
Load,B3,spring,2025-03-20,7,completed,,144.0,547.6356717261906,4902.015905555556,0.0,,606.9294908644415,0.1117164208107819,,True
Load,B4,spring,2025-03-20,7,completed,,144.0,129.5548923611111,4902.015905555556,0.0,,157.66520132623742,0.026428900855724243,,True
Load,DLinear,spring,2025-03-20,7,skipped,insufficient_points_for_context_plus_target,,,,,,,,,
Load,B0,spring,2025-03-20,14,completed,,144.0,1533.821748611111,4902.015905555556,0.0,,1948.4202393109424,0.3128961182832555,,True
Load,B1,spring,2025-03-20,14,completed,,144.0,127.49016944444445,4902.015905555556,0.0,,174.8290154129437,0.026007702116991747,,True
Load,B2,spring,2025-03-20,14,completed,,144.0,129.5548923611111,4902.015905555556,0.0,,157.66520132623742,0.026428900855724243,,True
Load,B3,spring,2025-03-20,14,completed,,144.0,547.6356717261906,4902.015905555556,0.0,,606.9294908644415,0.1117164208107819,,True
Load,B4,spring,2025-03-20,14,completed,,144.0,114.94814305555558,4902.015905555556,0.0,,139.3838406363709,0.023449157503810315,,True
Load,DLinear,spring,2025-03-20,14,completed,,144.0,220.31089350650893,4902.015905555556,0.0,,273.1154036504171,0.04494291690421201,,True
Load,B0,spring,2025-03-20,30,completed,,144.0,1533.821748611111,4902.015905555556,0.0,,1948.4202393109424,0.3128961182832555,,True
Load,B1,spring,2025-03-20,30,completed,,144.0,127.49016944444445,4902.015905555556,0.0,,174.8290154129437,0.026007702116991747,,True
Load,B2,spring,2025-03-20,30,completed,,144.0,129.5548923611111,4902.015905555556,0.0,,157.66520132623742,0.026428900855724243,,True
Load,B3,spring,2025-03-20,30,completed,,144.0,547.6356717261906,4902.015905555556,0.0,,606.9294908644415,0.1117164208107819,,True
Load,B4,spring,2025-03-20,30,completed,,144.0,134.9520333333333,4902.015905555556,0.0,,166.1561263536057,0.02752990523355695,,True
Load,DLinear,spring,2025-03-20,30,completed,,144.0,167.91539493048043,4902.015905555556,0.0,,207.29020271469298,0.034254355384726196,,True
Load,B0,spring,2025-03-20,60,completed,,144.0,1533.821748611111,4902.015905555556,0.0,,1948.4202393109424,0.3128961182832555,,True
Load,B1,spring,2025-03-20,60,completed,,144.0,127.49016944444445,4902.015905555556,0.0,,174.8290154129437,0.026007702116991747,,True
Load,B2,spring,2025-03-20,60,completed,,144.0,129.5548923611111,4902.015905555556,0.0,,157.66520132623742,0.026428900855724243,,True
Load,B3,spring,2025-03-20,60,completed,,144.0,547.6356717261906,4902.015905555556,0.0,,606.9294908644415,0.1117164208107819,,True
Load,B4,spring,2025-03-20,60,completed,,144.0,200.93094157986104,4902.015905555556,0.0,,245.06315646256942,0.0409894511668438,,True
Load,DLinear,spring,2025-03-20,60,completed,,144.0,174.90535879802394,4902.015905555556,0.0,,220.50531088900914,0.03568029197942832,,True
Load,B0,spring,2025-03-20,90,skipped,insufficient_available_history,,,,,,,,,
Load,B1,spring,2025-03-20,90,skipped,insufficient_available_history,,,,,,,,,
Load,B2,spring,2025-03-20,90,skipped,insufficient_available_history,,,,,,,,,
Load,B3,spring,2025-03-20,90,skipped,insufficient_available_history,,,,,,,,,
Load,B4,spring,2025-03-20,90,skipped,insufficient_available_history,,,,,,,,,
Load,DLinear,spring,2025-03-20,90,skipped,insufficient_available_history,,,,,,,,,
Load,B0,spring,2025-03-20,180,skipped,insufficient_available_history,,,,,,,,,
Load,B1,spring,2025-03-20,180,skipped,insufficient_available_history,,,,,,,,,
Load,B2,spring,2025-03-20,180,skipped,insufficient_available_history,,,,,,,,,
Load,B3,spring,2025-03-20,180,skipped,insufficient_available_history,,,,,,,,,
Load,B4,spring,2025-03-20,180,skipped,insufficient_available_history,,,,,,,,,
Load,DLinear,spring,2025-03-20,180,skipped,insufficient_available_history,,,,,,,,,
PV,B0,spring,2025-03-20,7,completed,,144.0,2309.975829861111,2309.975829861111,79.0,4210.58885443038,3710.637315463801,1.0,2309.975829861111,True
PV,B1,spring,2025-03-20,7,completed,,144.0,160.6506111111111,2309.975829861111,79.0,292.83149367088606,306.31712646201566,0.06954644677852337,160.6506111111111,True
PV,B2,spring,2025-03-20,7,completed,,144.0,219.40773125,2309.975829861111,79.0,399.93307974683546,445.22302554718755,0.09498269566880796,219.40773125,True
PV,B3,spring,2025-03-20,7,completed,,144.0,82.01601547619046,2309.975829861111,79.0,149.49754719710666,145.24049843820904,0.035505140104051106,82.01601547619046,True
PV,B4,spring,2025-03-20,7,completed,,144.0,219.40773125,2309.975829861111,79.0,399.93307974683546,445.22302554718755,0.09498269566880796,219.40773125,True
PV,DLinear,spring,2025-03-20,7,completed,,144.0,296.1056057193113,2309.975829861111,79.0,369.95056165198025,366.7310306854026,0.12818558613971076,296.1056057193113,True
PV,B0,spring,2025-03-20,14,completed,,144.0,2309.975829861111,2309.975829861111,79.0,4210.58885443038,3710.637315463801,1.0,2309.975829861111,True
PV,B1,spring,2025-03-20,14,completed,,144.0,160.6506111111111,2309.975829861111,79.0,292.83149367088606,306.31712646201566,0.06954644677852337,160.6506111111111,True
PV,B2,spring,2025-03-20,14,completed,,144.0,219.40773125,2309.975829861111,79.0,399.93307974683546,445.22302554718755,0.09498269566880796,219.40773125,True
PV,B3,spring,2025-03-20,14,completed,,144.0,82.01601547619046,2309.975829861111,79.0,149.49754719710666,145.24049843820904,0.035505140104051106,82.01601547619046,True
PV,B4,spring,2025-03-20,14,completed,,144.0,179.4348260416667,2309.975829861111,79.0,327.00863797468355,314.75087233243295,0.07767822663861178,179.4348260416667,True
PV,DLinear,spring,2025-03-20,14,completed,,144.0,196.9303460625224,2309.975829861111,79.0,257.5097116430106,259.9811799073261,0.08525212407714369,196.9303460625224,True
PV,B0,spring,2025-03-20,30,completed,,144.0,2309.975829861111,2309.975829861111,79.0,4210.58885443038,3710.637315463801,1.0,2309.975829861111,True
PV,B1,spring,2025-03-20,30,completed,,144.0,160.6506111111111,2309.975829861111,79.0,292.83149367088606,306.31712646201566,0.06954644677852337,160.6506111111111,True
PV,B2,spring,2025-03-20,30,completed,,144.0,219.40773125,2309.975829861111,79.0,399.93307974683546,445.22302554718755,0.09498269566880796,219.40773125,True
PV,B3,spring,2025-03-20,30,completed,,144.0,82.01601547619046,2309.975829861111,79.0,149.49754719710666,145.24049843820904,0.035505140104051106,82.01601547619046,True
PV,B4,spring,2025-03-20,30,completed,,144.0,165.48161579861113,2309.975829861111,79.0,301.5969253164557,268.3375290031421,0.07163781268159886,165.48161579861113,True
PV,DLinear,spring,2025-03-20,30,completed,,144.0,252.6080373082515,2309.975829861111,79.0,306.6122219178773,314.6707657446094,0.1093552729179161,252.6080373082515,True
PV,B0,spring,2025-03-20,60,completed,,144.0,2309.975829861111,2309.975829861111,79.0,4210.58885443038,3710.637315463801,1.0,2309.975829861111,True
PV,B1,spring,2025-03-20,60,completed,,144.0,160.6506111111111,2309.975829861111,79.0,292.83149367088606,306.31712646201566,0.06954644677852337,160.6506111111111,True
PV,B2,spring,2025-03-20,60,completed,,144.0,219.40773125,2309.975829861111,79.0,399.93307974683546,445.22302554718755,0.09498269566880796,219.40773125,True
PV,B3,spring,2025-03-20,60,completed,,144.0,82.01601547619046,2309.975829861111,79.0,149.49754719710666,145.24049843820904,0.035505140104051106,82.01601547619046,True
PV,B4,spring,2025-03-20,60,completed,,144.0,345.41901171875,2309.975829861111,79.0,629.6026670886076,518.7112603620328,0.14953360431460386,345.41901171875,True
PV,DLinear,spring,2025-03-20,60,completed,,144.0,210.37366681592573,2309.975829861111,79.0,291.1095917459242,292.32536115156347,0.09107180434376,210.37366681592573,True
PV,B0,spring,2025-03-20,90,skipped,insufficient_available_history,,,,,,,,,
PV,B1,spring,2025-03-20,90,skipped,insufficient_available_history,,,,,,,,,
PV,B2,spring,2025-03-20,90,skipped,insufficient_available_history,,,,,,,,,
PV,B3,spring,2025-03-20,90,skipped,insufficient_available_history,,,,,,,,,
PV,B4,spring,2025-03-20,90,skipped,insufficient_available_history,,,,,,,,,
PV,DLinear,spring,2025-03-20,90,skipped,insufficient_available_history,,,,,,,,,
PV,B0,spring,2025-03-20,180,skipped,insufficient_available_history,,,,,,,,,
PV,B1,spring,2025-03-20,180,skipped,insufficient_available_history,,,,,,,,,
PV,B2,spring,2025-03-20,180,skipped,insufficient_available_history,,,,,,,,,
PV,B3,spring,2025-03-20,180,skipped,insufficient_available_history,,,,,,,,,
PV,B4,spring,2025-03-20,180,skipped,insufficient_available_history,,,,,,,,,
PV,DLinear,spring,2025-03-20,180,skipped,insufficient_available_history,,,,,,,,,
Load,B0,summer,2025-06-21,7,completed,,144.0,401.4059805555556,3392.0027,0.0,,476.26149010890487,0.11833893308975124,,True
Load,B1,summer,2025-06-21,7,completed,,144.0,184.6245465277778,3392.0027,0.0,,240.6206561042908,0.054429363080335344,,True
Load,B2,summer,2025-06-21,7,completed,,144.0,155.71023819444446,3392.0027,0.0,,205.16049105535188,0.04590510443710568,,True
Load,B3,summer,2025-06-21,7,completed,,144.0,1369.590477281746,3392.0027,0.0,,1511.0824068094296,0.40377045610304085,,True
Load,B4,summer,2025-06-21,7,completed,,144.0,155.71023819444446,3392.0027,0.0,,205.16049105535188,0.04590510443710568,,True
Load,DLinear,summer,2025-06-21,7,skipped,insufficient_points_for_context_plus_target,,,,,,,,,
Load,B0,summer,2025-06-21,14,completed,,144.0,401.4059805555556,3392.0027,0.0,,476.26149010890487,0.11833893308975124,,True
Load,B1,summer,2025-06-21,14,completed,,144.0,184.6245465277778,3392.0027,0.0,,240.6206561042908,0.054429363080335344,,True
Load,B2,summer,2025-06-21,14,completed,,144.0,155.71023819444446,3392.0027,0.0,,205.16049105535188,0.04590510443710568,,True
Load,B3,summer,2025-06-21,14,completed,,144.0,1369.590477281746,3392.0027,0.0,,1511.0824068094296,0.40377045610304085,,True
Load,B4,summer,2025-06-21,14,completed,,144.0,145.4993125,3392.0027,0.0,,186.45745648618572,0.04289481034316394,,True
Load,DLinear,summer,2025-06-21,14,completed,,144.0,315.73677238894913,3392.0027,0.0,,384.0808538831166,0.09308270078586586,,True
Load,B0,summer,2025-06-21,30,completed,,144.0,401.4059805555556,3392.0027,0.0,,476.26149010890487,0.11833893308975124,,True
Load,B1,summer,2025-06-21,30,completed,,144.0,184.6245465277778,3392.0027,0.0,,240.6206561042908,0.054429363080335344,,True
Load,B2,summer,2025-06-21,30,completed,,144.0,155.71023819444446,3392.0027,0.0,,205.16049105535188,0.04590510443710568,,True
Load,B3,summer,2025-06-21,30,completed,,144.0,1369.590477281746,3392.0027,0.0,,1511.0824068094296,0.40377045610304085,,True
Load,B4,summer,2025-06-21,30,completed,,144.0,167.9806184027778,3392.0027,0.0,,216.68280767045482,0.04952254855303558,,True
Load,DLinear,summer,2025-06-21,30,completed,,144.0,189.0534052640199,3392.0027,0.0,,241.81045433297882,0.05573503973449664,,True
Load,B0,summer,2025-06-21,60,completed,,144.0,401.4059805555556,3392.0027,0.0,,476.26149010890487,0.11833893308975124,,True
Load,B1,summer,2025-06-21,60,completed,,144.0,184.6245465277778,3392.0027,0.0,,240.6206561042908,0.054429363080335344,,True
Load,B2,summer,2025-06-21,60,completed,,144.0,155.71023819444446,3392.0027,0.0,,205.16049105535188,0.04590510443710568,,True
Load,B3,summer,2025-06-21,60,completed,,144.0,1369.590477281746,3392.0027,0.0,,1511.0824068094296,0.40377045610304085,,True
Load,B4,summer,2025-06-21,60,completed,,144.0,235.11229687499997,3392.0027,0.0,,302.7379847515465,0.06931371159433333,,True
Load,DLinear,summer,2025-06-21,60,completed,,144.0,181.48230169799282,3392.0027,0.0,,232.54723983762273,0.05350299446931243,,True
Load,B0,summer,2025-06-21,90,completed,,144.0,401.4059805555556,3392.0027,0.0,,476.26149010890487,0.11833893308975124,,True
Load,B1,summer,2025-06-21,90,completed,,144.0,184.6245465277778,3392.0027,0.0,,240.6206561042908,0.054429363080335344,,True
Load,B2,summer,2025-06-21,90,completed,,144.0,155.71023819444446,3392.0027,0.0,,205.16049105535188,0.04590510443710568,,True
Load,B3,summer,2025-06-21,90,completed,,144.0,1369.590477281746,3392.0027,0.0,,1511.0824068094296,0.40377045610304085,,True
Load,B4,summer,2025-06-21,90,completed,,144.0,288.3005498263889,3392.0027,0.0,,367.39434535576873,0.08499419821404886,,True
Load,DLinear,summer,2025-06-21,90,completed,,144.0,203.0110705352723,3392.0027,0.0,,254.4708173862148,0.05984991419236556,,True
Load,B0,summer,2025-06-21,180,skipped,insufficient_available_history,,,,,,,,,
Load,B1,summer,2025-06-21,180,skipped,insufficient_available_history,,,,,,,,,
Load,B2,summer,2025-06-21,180,skipped,insufficient_available_history,,,,,,,,,
Load,B3,summer,2025-06-21,180,skipped,insufficient_available_history,,,,,,,,,
Load,B4,summer,2025-06-21,180,skipped,insufficient_available_history,,,,,,,,,
Load,DLinear,summer,2025-06-21,180,skipped,insufficient_available_history,,,,,,,,,
PV,B0,summer,2025-06-21,7,completed,,144.0,2586.388516666667,2586.388516666667,93.0,4004.730606451613,3919.727564777956,1.0,2586.388516666667,True
PV,B1,summer,2025-06-21,7,completed,,144.0,249.71647222222225,2586.388516666667,93.0,386.65776344086026,457.1778650436565,0.09655025554476881,249.71647222222225,True
PV,B2,summer,2025-06-21,7,completed,,144.0,346.64048194444445,2586.388516666667,93.0,536.7336494623656,662.9608698431714,0.13402490759245797,346.64048194444445,True
PV,B3,summer,2025-06-21,7,completed,,144.0,286.28272271825404,2586.388516666667,93.0,443.2764738863288,550.7124180098137,0.11068821287809255,286.28272271825404,True
PV,B4,summer,2025-06-21,7,completed,,144.0,346.64048194444445,2586.388516666667,93.0,536.7336494623656,662.9608698431714,0.13402490759245797,346.64048194444445,True
PV,DLinear,summer,2025-06-21,7,completed,,144.0,279.78783817901785,2586.388516666667,93.0,362.5507727544625,378.5796119917006,0.10817703387409404,279.78783817901785,True
PV,B0,summer,2025-06-21,14,completed,,144.0,2586.388516666667,2586.388516666667,93.0,4004.730606451613,3919.727564777956,1.0,2586.388516666667,True
PV,B1,summer,2025-06-21,14,completed,,144.0,249.71647222222225,2586.388516666667,93.0,386.65776344086026,457.1778650436565,0.09655025554476881,249.71647222222225,True
PV,B2,summer,2025-06-21,14,completed,,144.0,346.64048194444445,2586.388516666667,93.0,536.7336494623656,662.9608698431714,0.13402490759245797,346.64048194444445,True
PV,B3,summer,2025-06-21,14,completed,,144.0,286.28272271825404,2586.388516666667,93.0,443.2764738863288,550.7124180098137,0.11068821287809255,286.28272271825404,True
PV,B4,summer,2025-06-21,14,completed,,144.0,360.78064479166665,2586.388516666667,93.0,558.6280951612903,678.0074045311545,0.13949205328851372,360.78064479166665,True
PV,DLinear,summer,2025-06-21,14,completed,,144.0,306.3486386878916,2586.388516666667,93.0,417.97537001555173,458.4122384963662,0.11844648888354685,306.3486386878916,True
PV,B0,summer,2025-06-21,30,completed,,144.0,2586.388516666667,2586.388516666667,93.0,4004.730606451613,3919.727564777956,1.0,2586.388516666667,True
PV,B1,summer,2025-06-21,30,completed,,144.0,249.71647222222225,2586.388516666667,93.0,386.65776344086026,457.1778650436565,0.09655025554476881,249.71647222222225,True
PV,B2,summer,2025-06-21,30,completed,,144.0,346.64048194444445,2586.388516666667,93.0,536.7336494623656,662.9608698431714,0.13402490759245797,346.64048194444445,True
PV,B3,summer,2025-06-21,30,completed,,144.0,286.28272271825404,2586.388516666667,93.0,443.2764738863288,550.7124180098137,0.11068821287809255,286.28272271825404,True
PV,B4,summer,2025-06-21,30,completed,,144.0,159.62112413194444,2586.388516666667,93.0,247.15528897849464,313.5315339321891,0.061715833914103464,159.62112413194444,True
PV,DLinear,summer,2025-06-21,30,completed,,144.0,269.6563651674801,2586.388516666667,93.0,381.7485628271223,457.300850134935,0.10425980606928024,269.6563651674801,True
PV,B0,summer,2025-06-21,60,completed,,144.0,2586.388516666667,2586.388516666667,93.0,4004.730606451613,3919.727564777956,1.0,2586.388516666667,True
PV,B1,summer,2025-06-21,60,completed,,144.0,249.71647222222225,2586.388516666667,93.0,386.65776344086026,457.1778650436565,0.09655025554476881,249.71647222222225,True
PV,B2,summer,2025-06-21,60,completed,,144.0,346.64048194444445,2586.388516666667,93.0,536.7336494623656,662.9608698431714,0.13402490759245797,346.64048194444445,True
PV,B3,summer,2025-06-21,60,completed,,144.0,286.28272271825404,2586.388516666667,93.0,443.2764738863288,550.7124180098137,0.11068821287809255,286.28272271825404,True
PV,B4,summer,2025-06-21,60,completed,,144.0,174.82770555555555,2586.388516666667,93.0,270.6842935483871,305.19786897025597,0.06759529917062623,174.82770555555555,True
PV,DLinear,summer,2025-06-21,60,completed,,144.0,280.97701266428453,2586.388516666667,93.0,333.23458595305686,413.4501477103345,0.10863681571955293,280.97701266428453,True
PV,B0,summer,2025-06-21,90,completed,,144.0,2586.388516666667,2586.388516666667,93.0,4004.730606451613,3919.727564777956,1.0,2586.388516666667,True
PV,B1,summer,2025-06-21,90,completed,,144.0,249.71647222222225,2586.388516666667,93.0,386.65776344086026,457.1778650436565,0.09655025554476881,249.71647222222225,True
PV,B2,summer,2025-06-21,90,completed,,144.0,346.64048194444445,2586.388516666667,93.0,536.7336494623656,662.9608698431714,0.13402490759245797,346.64048194444445,True
PV,B3,summer,2025-06-21,90,completed,,144.0,286.28272271825404,2586.388516666667,93.0,443.2764738863288,550.7124180098137,0.11068821287809255,286.28272271825404,True
PV,B4,summer,2025-06-21,90,completed,,144.0,179.7712629050926,2586.388516666667,93.0,278.34371335125445,310.3299765151853,0.06950667378340417,179.7712629050926,True
PV,DLinear,summer,2025-06-21,90,completed,,144.0,260.9244914928219,2586.388516666667,93.0,339.6019095338606,415.5086382296576,0.10088371867235978,260.9244914928219,True
PV,B0,summer,2025-06-21,180,skipped,insufficient_available_history,,,,,,,,,
PV,B1,summer,2025-06-21,180,skipped,insufficient_available_history,,,,,,,,,
PV,B2,summer,2025-06-21,180,skipped,insufficient_available_history,,,,,,,,,
PV,B3,summer,2025-06-21,180,skipped,insufficient_available_history,,,,,,,,,
PV,B4,summer,2025-06-21,180,skipped,insufficient_available_history,,,,,,,,,
PV,DLinear,summer,2025-06-21,180,skipped,insufficient_available_history,,,,,,,,,
Load,B0,autumn,2025-09-23,7,completed,,144.0,1634.8525291666667,5049.261722222222,0.0,,2036.747918943183,0.3237805087368604,,True
Load,B1,autumn,2025-09-23,7,completed,,144.0,143.4067222222222,5049.261722222222,0.0,,187.91156523649997,0.028401522858495776,,True
Load,B2,autumn,2025-09-23,7,completed,,144.0,148.89045833333338,5049.261722222222,0.0,,196.2921399206094,0.02948756997048778,,True
Load,B3,autumn,2025-09-23,7,completed,,144.0,551.8900469246032,5049.261722222222,0.0,,622.2625276041608,0.10930113693566114,,True
Load,B4,autumn,2025-09-23,7,completed,,144.0,148.89045833333338,5049.261722222222,0.0,,196.2921399206094,0.02948756997048778,,True
Load,DLinear,autumn,2025-09-23,7,skipped,insufficient_points_for_context_plus_target,,,,,,,,,
Load,B0,autumn,2025-09-23,14,completed,,144.0,1634.8525291666667,5049.261722222222,0.0,,2036.747918943183,0.3237805087368604,,True
Load,B1,autumn,2025-09-23,14,completed,,144.0,143.4067222222222,5049.261722222222,0.0,,187.91156523649997,0.028401522858495776,,True
Load,B2,autumn,2025-09-23,14,completed,,144.0,148.89045833333338,5049.261722222222,0.0,,196.2921399206094,0.02948756997048778,,True
Load,B3,autumn,2025-09-23,14,completed,,144.0,551.8900469246032,5049.261722222222,0.0,,622.2625276041608,0.10930113693566114,,True
Load,B4,autumn,2025-09-23,14,completed,,144.0,136.29241770833335,5049.261722222222,0.0,,174.11169229184995,0.02699254370366643,,True
Load,DLinear,autumn,2025-09-23,14,completed,,144.0,228.55567748220568,5049.261722222222,0.0,,287.5642135597798,0.045265167475140596,,True
Load,B0,autumn,2025-09-23,30,completed,,144.0,1634.8525291666667,5049.261722222222,0.0,,2036.747918943183,0.3237805087368604,,True
Load,B1,autumn,2025-09-23,30,completed,,144.0,143.4067222222222,5049.261722222222,0.0,,187.91156523649997,0.028401522858495776,,True
Load,B2,autumn,2025-09-23,30,completed,,144.0,148.89045833333338,5049.261722222222,0.0,,196.2921399206094,0.02948756997048778,,True
Load,B3,autumn,2025-09-23,30,completed,,144.0,551.8900469246032,5049.261722222222,0.0,,622.2625276041608,0.10930113693566114,,True
Load,B4,autumn,2025-09-23,30,completed,,144.0,177.928984375,5049.261722222222,0.0,,227.50349556685026,0.03523861391298449,,True
Load,DLinear,autumn,2025-09-23,30,completed,,144.0,169.01491490036187,5049.261722222222,0.0,,212.74793702342538,0.03347319354758601,,True
Load,B0,autumn,2025-09-23,60,completed,,144.0,1634.8525291666667,5049.261722222222,0.0,,2036.747918943183,0.3237805087368604,,True
Load,B1,autumn,2025-09-23,60,completed,,144.0,143.4067222222222,5049.261722222222,0.0,,187.91156523649997,0.028401522858495776,,True
Load,B2,autumn,2025-09-23,60,completed,,144.0,148.89045833333338,5049.261722222222,0.0,,196.2921399206094,0.02948756997048778,,True
Load,B3,autumn,2025-09-23,60,completed,,144.0,551.8900469246032,5049.261722222222,0.0,,622.2625276041608,0.10930113693566114,,True
Load,B4,autumn,2025-09-23,60,completed,,144.0,397.41668880208334,5049.261722222222,0.0,,454.6960384067533,0.07870788061015324,,True
Load,DLinear,autumn,2025-09-23,60,completed,,144.0,173.39765345222736,5049.261722222222,0.0,,220.47719684336937,0.034341189463221886,,True
Load,B0,autumn,2025-09-23,90,completed,,144.0,1634.8525291666667,5049.261722222222,0.0,,2036.747918943183,0.3237805087368604,,True
Load,B1,autumn,2025-09-23,90,completed,,144.0,143.4067222222222,5049.261722222222,0.0,,187.91156523649997,0.028401522858495776,,True
Load,B2,autumn,2025-09-23,90,completed,,144.0,148.89045833333338,5049.261722222222,0.0,,196.2921399206094,0.02948756997048778,,True
Load,B3,autumn,2025-09-23,90,completed,,144.0,551.8900469246032,5049.261722222222,0.0,,622.2625276041608,0.10930113693566114,,True
Load,B4,autumn,2025-09-23,90,completed,,144.0,532.3174537037037,5049.261722222222,0.0,,586.7893116952966,0.10542480920743921,,True
Load,DLinear,autumn,2025-09-23,90,completed,,144.0,269.7928553210348,5049.261722222222,0.0,,305.28902150654255,0.05343213922416696,,True
Load,B0,autumn,2025-09-23,180,completed,,144.0,1634.8525291666667,5049.261722222222,0.0,,2036.747918943183,0.3237805087368604,,True
Load,B1,autumn,2025-09-23,180,completed,,144.0,143.4067222222222,5049.261722222222,0.0,,187.91156523649997,0.028401522858495776,,True
Load,B2,autumn,2025-09-23,180,completed,,144.0,148.89045833333338,5049.261722222222,0.0,,196.2921399206094,0.02948756997048778,,True
Load,B3,autumn,2025-09-23,180,completed,,144.0,551.8900469246032,5049.261722222222,0.0,,622.2625276041608,0.10930113693566114,,True
Load,B4,autumn,2025-09-23,180,completed,,144.0,266.3922935555555,5049.261722222222,0.0,,314.52212996136603,0.052758662198701414,,True
Load,DLinear,autumn,2025-09-23,180,completed,,144.0,184.60688814365977,5049.261722222222,0.0,,221.98338858972642,0.03656116444334614,,True
PV,B0,autumn,2025-09-23,7,completed,,144.0,2461.0694062499997,2461.0694062499997,79.0,4485.999930379747,3973.633952530178,1.0,2461.0694062499997,True
PV,B1,autumn,2025-09-23,7,completed,,144.0,128.94405277777776,2461.0694062499997,79.0,235.03726075949365,255.04814645166041,0.0523935052178205,128.94405277777776,True
PV,B2,autumn,2025-09-23,7,completed,,144.0,194.0979583333333,2461.0694062499997,79.0,351.6270556962025,338.86999586358746,0.07886732403418309,194.0979583333333,True
PV,B3,autumn,2025-09-23,7,completed,,144.0,121.71967628968251,2461.0694062499997,79.0,221.115104159132,232.43819109831713,0.049458042906295026,121.71967628968251,True
PV,B4,autumn,2025-09-23,7,completed,,144.0,194.0979583333333,2461.0694062499997,79.0,351.6270556962025,338.86999586358746,0.07886732403418309,194.0979583333333,True
PV,DLinear,autumn,2025-09-23,7,completed,,144.0,236.69194306955453,2461.0694062499997,79.0,298.6741986803197,309.336791546049,0.09617442826620996,236.69194306955453,True
PV,B0,autumn,2025-09-23,14,completed,,144.0,2461.0694062499997,2461.0694062499997,79.0,4485.999930379747,3973.633952530178,1.0,2461.0694062499997,True
PV,B1,autumn,2025-09-23,14,completed,,144.0,128.94405277777776,2461.0694062499997,79.0,235.03726075949365,255.04814645166041,0.0523935052178205,128.94405277777776,True
PV,B2,autumn,2025-09-23,14,completed,,144.0,194.0979583333333,2461.0694062499997,79.0,351.6270556962025,338.86999586358746,0.07886732403418309,194.0979583333333,True
PV,B3,autumn,2025-09-23,14,completed,,144.0,121.71967628968251,2461.0694062499997,79.0,221.115104159132,232.43819109831713,0.049458042906295026,121.71967628968251,True
PV,B4,autumn,2025-09-23,14,completed,,144.0,255.4012222222222,2461.0694062499997,79.0,460.70210759493676,435.661864471899,0.10377652152906333,255.4012222222222,True
PV,DLinear,autumn,2025-09-23,14,completed,,144.0,211.96602101028725,2461.0694062499997,79.0,287.8439318533595,283.2986256559236,0.0861276079707422,211.96602101028725,True
PV,B0,autumn,2025-09-23,30,completed,,144.0,2461.0694062499997,2461.0694062499997,79.0,4485.999930379747,3973.633952530178,1.0,2461.0694062499997,True
PV,B1,autumn,2025-09-23,30,completed,,144.0,128.94405277777776,2461.0694062499997,79.0,235.03726075949365,255.04814645166041,0.0523935052178205,128.94405277777776,True
PV,B2,autumn,2025-09-23,30,completed,,144.0,194.0979583333333,2461.0694062499997,79.0,351.6270556962025,338.86999586358746,0.07886732403418309,194.0979583333333,True
PV,B3,autumn,2025-09-23,30,completed,,144.0,121.71967628968251,2461.0694062499997,79.0,221.115104159132,232.43819109831713,0.049458042906295026,121.71967628968251,True
PV,B4,autumn,2025-09-23,30,completed,,144.0,316.4952046875,2461.0694062499997,79.0,565.3726715189873,475.90122550395034,0.1286006822415271,316.4952046875,True
PV,DLinear,autumn,2025-09-23,30,completed,,144.0,210.3598425343406,2461.0694062499997,79.0,262.5187245063101,270.98706316189543,0.08547497360298821,210.3598425343406,True
PV,B0,autumn,2025-09-23,60,completed,,144.0,2461.0694062499997,2461.0694062499997,79.0,4485.999930379747,3973.633952530178,1.0,2461.0694062499997,True
PV,B1,autumn,2025-09-23,60,completed,,144.0,128.94405277777776,2461.0694062499997,79.0,235.03726075949365,255.04814645166041,0.0523935052178205,128.94405277777776,True
PV,B2,autumn,2025-09-23,60,completed,,144.0,194.0979583333333,2461.0694062499997,79.0,351.6270556962025,338.86999586358746,0.07886732403418309,194.0979583333333,True
PV,B3,autumn,2025-09-23,60,completed,,144.0,121.71967628968251,2461.0694062499997,79.0,221.115104159132,232.43819109831713,0.049458042906295026,121.71967628968251,True
PV,B4,autumn,2025-09-23,60,completed,,144.0,352.06478776041666,2461.0694062499997,79.0,613.4247889240506,517.0530974363134,0.1430535794180903,352.06478776041666,True
PV,DLinear,autumn,2025-09-23,60,completed,,144.0,189.95503059726232,2461.0694062499997,79.0,274.4627731484266,292.85252071945337,0.07718393886611354,189.95503059726232,True
PV,B0,autumn,2025-09-23,90,completed,,144.0,2461.0694062499997,2461.0694062499997,79.0,4485.999930379747,3973.633952530178,1.0,2461.0694062499997,True
PV,B1,autumn,2025-09-23,90,completed,,144.0,128.94405277777776,2461.0694062499997,79.0,235.03726075949365,255.04814645166041,0.0523935052178205,128.94405277777776,True
PV,B2,autumn,2025-09-23,90,completed,,144.0,194.0979583333333,2461.0694062499997,79.0,351.6270556962025,338.86999586358746,0.07886732403418309,194.0979583333333,True
PV,B3,autumn,2025-09-23,90,completed,,144.0,121.71967628968251,2461.0694062499997,79.0,221.115104159132,232.43819109831713,0.049458042906295026,121.71967628968251,True
PV,B4,autumn,2025-09-23,90,completed,,144.0,326.11840387731485,2461.0694062499997,79.0,553.352786814346,497.86711050187665,0.13251085200974913,326.11840387731485,True
PV,DLinear,autumn,2025-09-23,90,completed,,144.0,196.35989568131606,2461.0694062499997,79.0,277.02082067051214,291.09744069116675,0.07978641121727449,196.35989568131606,True
PV,B0,autumn,2025-09-23,180,completed,,144.0,2461.0694062499997,2461.0694062499997,79.0,4485.999930379747,3973.633952530178,1.0,2461.0694062499997,True
PV,B1,autumn,2025-09-23,180,completed,,144.0,128.94405277777776,2461.0694062499997,79.0,235.03726075949365,255.04814645166041,0.0523935052178205,128.94405277777776,True
PV,B2,autumn,2025-09-23,180,completed,,144.0,194.0979583333333,2461.0694062499997,79.0,351.6270556962025,338.86999586358746,0.07886732403418309,194.0979583333333,True
PV,B3,autumn,2025-09-23,180,completed,,144.0,121.71967628968251,2461.0694062499997,79.0,221.115104159132,232.43819109831713,0.049458042906295026,121.71967628968251,True
PV,B4,autumn,2025-09-23,180,completed,,144.0,298.80261480555555,2461.0694062499997,79.0,501.1773650126582,454.9857474576832,0.12141169771430764,298.80261480555555,True
PV,DLinear,autumn,2025-09-23,180,completed,,144.0,157.49815621639056,2461.0694062499997,79.0,231.3171703642651,243.8889373509292,0.06399582060400925,157.49815621639056,True
Load,B0,winter,2025-12-21,7,completed,,144.0,1819.9822416666666,5182.351706944445,0.0,,2247.75295902637,0.35118848441487627,,True
Load,B1,winter,2025-12-21,7,completed,,144.0,1904.4967020833335,5182.351706944445,0.0,,2105.998528571659,0.36749661346436086,,True
Load,B2,winter,2025-12-21,7,completed,,144.0,148.00942430555557,5182.351706944445,0.0,,183.24804885208934,0.028560281639553767,,True
Load,B3,winter,2025-12-21,7,completed,,144.0,546.8517899801586,5182.351706944445,0.0,,617.5118318125249,0.10552193693210118,,True
Load,B4,winter,2025-12-21,7,completed,,144.0,148.00942430555557,5182.351706944445,0.0,,183.24804885208934,0.028560281639553767,,True
Load,DLinear,winter,2025-12-21,7,skipped,insufficient_points_for_context_plus_target,,,,,,,,,
Load,B0,winter,2025-12-21,14,completed,,144.0,1819.9822416666666,5182.351706944445,0.0,,2247.75295902637,0.35118848441487627,,True
Load,B1,winter,2025-12-21,14,completed,,144.0,1904.4967020833335,5182.351706944445,0.0,,2105.998528571659,0.36749661346436086,,True
Load,B2,winter,2025-12-21,14,completed,,144.0,148.00942430555557,5182.351706944445,0.0,,183.24804885208934,0.028560281639553767,,True
Load,B3,winter,2025-12-21,14,completed,,144.0,546.8517899801586,5182.351706944445,0.0,,617.5118318125249,0.10552193693210118,,True
Load,B4,winter,2025-12-21,14,completed,,144.0,130.1732375,5182.351706944445,0.0,,163.01976147846491,0.025118564864203545,,True
Load,DLinear,winter,2025-12-21,14,completed,,144.0,221.1805033527583,5182.351706944445,0.0,,281.4559606468584,0.04267956245740181,,True
Load,B0,winter,2025-12-21,30,completed,,144.0,1819.9822416666666,5182.351706944445,0.0,,2247.75295902637,0.35118848441487627,,True
Load,B1,winter,2025-12-21,30,completed,,144.0,1904.4967020833335,5182.351706944445,0.0,,2105.998528571659,0.36749661346436086,,True
Load,B2,winter,2025-12-21,30,completed,,144.0,148.00942430555557,5182.351706944445,0.0,,183.24804885208934,0.028560281639553767,,True
Load,B3,winter,2025-12-21,30,completed,,144.0,546.8517899801586,5182.351706944445,0.0,,617.5118318125249,0.10552193693210118,,True
Load,B4,winter,2025-12-21,30,completed,,144.0,190.9269263888889,5182.351706944445,0.0,,237.23748642678464,0.03684175393442389,,True
Load,DLinear,winter,2025-12-21,30,completed,,144.0,164.45962481389768,5182.351706944445,0.0,,200.65944716928968,0.03173455491133857,,True
Load,B0,winter,2025-12-21,60,completed,,144.0,1819.9822416666666,5182.351706944445,0.0,,2247.75295902637,0.35118848441487627,,True
Load,B1,winter,2025-12-21,60,completed,,144.0,1904.4967020833335,5182.351706944445,0.0,,2105.998528571659,0.36749661346436086,,True
Load,B2,winter,2025-12-21,60,completed,,144.0,148.00942430555557,5182.351706944445,0.0,,183.24804885208934,0.028560281639553767,,True
Load,B3,winter,2025-12-21,60,completed,,144.0,546.8517899801586,5182.351706944445,0.0,,617.5118318125249,0.10552193693210118,,True
Load,B4,winter,2025-12-21,60,completed,,144.0,240.75070590277775,5182.351706944445,0.0,,303.51367074532465,0.046455879399340545,,True
Load,DLinear,winter,2025-12-21,60,completed,,144.0,219.34009896749507,5182.351706944445,0.0,,269.81241763924737,0.04232443326329538,,True
Load,B0,winter,2025-12-21,90,completed,,144.0,1819.9822416666666,5182.351706944445,0.0,,2247.75295902637,0.35118848441487627,,True
Load,B1,winter,2025-12-21,90,completed,,144.0,1904.4967020833335,5182.351706944445,0.0,,2105.998528571659,0.36749661346436086,,True
Load,B2,winter,2025-12-21,90,completed,,144.0,148.00942430555557,5182.351706944445,0.0,,183.24804885208934,0.028560281639553767,,True
Load,B3,winter,2025-12-21,90,completed,,144.0,546.8517899801586,5182.351706944445,0.0,,617.5118318125249,0.10552193693210118,,True
Load,B4,winter,2025-12-21,90,completed,,144.0,262.4823134837963,5182.351706944445,0.0,,330.36367802152034,0.05064926665090392,,True
Load,DLinear,winter,2025-12-21,90,completed,,144.0,211.5261107465148,5182.351706944445,0.0,,258.64295094375103,0.040816625869499745,,True
Load,B0,winter,2025-12-21,180,completed,,144.0,1819.9822416666666,5182.351706944445,0.0,,2247.75295902637,0.35118848441487627,,True
Load,B1,winter,2025-12-21,180,completed,,144.0,1904.4967020833335,5182.351706944445,0.0,,2105.998528571659,0.36749661346436086,,True
Load,B2,winter,2025-12-21,180,completed,,144.0,148.00942430555557,5182.351706944445,0.0,,183.24804885208934,0.028560281639553767,,True
Load,B3,winter,2025-12-21,180,completed,,144.0,546.8517899801586,5182.351706944445,0.0,,617.5118318125249,0.10552193693210118,,True
Load,B4,winter,2025-12-21,180,completed,,144.0,391.2644378333334,5182.351706944445,0.0,,436.2378620060377,0.07549939872066806,,True
Load,DLinear,winter,2025-12-21,180,completed,,144.0,210.79558864903004,5182.351706944445,0.0,,268.72702597636186,0.04067566243459705,,True
PV,B0,winter,2025-12-21,7,completed,,144.0,1472.4441291666667,1472.4441291666667,67.0,3164.65603880597,2568.6431536126024,1.0,1472.4441291666667,True
PV,B1,winter,2025-12-21,7,completed,,144.0,121.9697861111111,1472.4441291666667,67.0,262.14401791044776,241.02008674376947,0.08283491624238415,121.9697861111111,True
PV,B2,winter,2025-12-21,7,completed,,144.0,54.72223541666668,1472.4441291666667,67.0,117.61196865671643,120.34318488569389,0.03716421854840554,54.72223541666668,True
PV,B3,winter,2025-12-21,7,completed,,144.0,74.53843571428571,1472.4441291666667,67.0,160.20201108742003,153.06674362126802,0.05062225060890488,74.53843571428571,True
PV,B4,winter,2025-12-21,7,completed,,144.0,54.72223541666668,1472.4441291666667,67.0,117.61196865671643,120.34318488569389,0.03716421854840554,54.72223541666668,True
PV,DLinear,winter,2025-12-21,7,completed,,144.0,159.2170979530249,1472.4441291666667,67.0,266.22931762458927,255.23368461408464,0.10813116423176898,159.2170979530249,True
PV,B0,winter,2025-12-21,14,completed,,144.0,1472.4441291666667,1472.4441291666667,67.0,3164.65603880597,2568.6431536126024,1.0,1472.4441291666667,True
PV,B1,winter,2025-12-21,14,completed,,144.0,121.9697861111111,1472.4441291666667,67.0,262.14401791044776,241.02008674376947,0.08283491624238415,121.9697861111111,True
PV,B2,winter,2025-12-21,14,completed,,144.0,54.72223541666668,1472.4441291666667,67.0,117.61196865671643,120.34318488569389,0.03716421854840554,54.72223541666668,True
PV,B3,winter,2025-12-21,14,completed,,144.0,74.53843571428571,1472.4441291666667,67.0,160.20201108742003,153.06674362126802,0.05062225060890488,74.53843571428571,True
PV,B4,winter,2025-12-21,14,completed,,144.0,68.368953125,1472.4441291666667,67.0,146.757526119403,159.2964224658646,0.04643229021103407,68.368953125,True
PV,DLinear,winter,2025-12-21,14,completed,,144.0,126.16478839776272,1472.4441291666667,67.0,223.48047476822578,210.15737276791873,0.08568392232930834,126.16478839776272,True
PV,B0,winter,2025-12-21,30,completed,,144.0,1472.4441291666667,1472.4441291666667,67.0,3164.65603880597,2568.6431536126024,1.0,1472.4441291666667,True
PV,B1,winter,2025-12-21,30,completed,,144.0,121.9697861111111,1472.4441291666667,67.0,262.14401791044776,241.02008674376947,0.08283491624238415,121.9697861111111,True
PV,B2,winter,2025-12-21,30,completed,,144.0,54.72223541666668,1472.4441291666667,67.0,117.61196865671643,120.34318488569389,0.03716421854840554,54.72223541666668,True
PV,B3,winter,2025-12-21,30,completed,,144.0,74.53843571428571,1472.4441291666667,67.0,160.20201108742003,153.06674362126802,0.05062225060890488,74.53843571428571,True
PV,B4,winter,2025-12-21,30,completed,,144.0,126.62968524305558,1472.4441291666667,67.0,270.489602238806,246.62384451871313,0.08599965372860834,126.62968524305558,True
PV,DLinear,winter,2025-12-21,30,completed,,144.0,152.6230536871225,1472.4441291666667,67.0,248.21841750183864,242.28664965483895,0.10365286577868316,152.6230536871225,True
PV,B0,winter,2025-12-21,60,completed,,144.0,1472.4441291666667,1472.4441291666667,67.0,3164.65603880597,2568.6431536126024,1.0,1472.4441291666667,True
PV,B1,winter,2025-12-21,60,completed,,144.0,121.9697861111111,1472.4441291666667,67.0,262.14401791044776,241.02008674376947,0.08283491624238415,121.9697861111111,True
PV,B2,winter,2025-12-21,60,completed,,144.0,54.72223541666668,1472.4441291666667,67.0,117.61196865671643,120.34318488569389,0.03716421854840554,54.72223541666668,True
PV,B3,winter,2025-12-21,60,completed,,144.0,74.53843571428571,1472.4441291666667,67.0,160.20201108742003,153.06674362126802,0.05062225060890488,74.53843571428571,True
PV,B4,winter,2025-12-21,60,completed,,144.0,328.88249322916664,1472.4441291666667,67.0,695.6643427238806,545.7547996860648,0.22335821557813434,328.88249322916664,True
PV,DLinear,winter,2025-12-21,60,completed,,144.0,142.15661870847327,1472.4441291666667,67.0,255.44680743961933,230.76686523337779,0.09654466060381331,142.15661870847327,True
PV,B0,winter,2025-12-21,90,completed,,144.0,1472.4441291666667,1472.4441291666667,67.0,3164.65603880597,2568.6431536126024,1.0,1472.4441291666667,True
PV,B1,winter,2025-12-21,90,completed,,144.0,121.9697861111111,1472.4441291666667,67.0,262.14401791044776,241.02008674376947,0.08283491624238415,121.9697861111111,True
PV,B2,winter,2025-12-21,90,completed,,144.0,54.72223541666668,1472.4441291666667,67.0,117.61196865671643,120.34318488569389,0.03716421854840554,54.72223541666668,True
PV,B3,winter,2025-12-21,90,completed,,144.0,74.53843571428571,1472.4441291666667,67.0,160.20201108742003,153.06674362126802,0.05062225060890488,74.53843571428571,True
PV,B4,winter,2025-12-21,90,completed,,144.0,537.7125194444444,1472.4441291666667,67.0,1122.3469880597015,847.1983213961935,0.3651836485970874,537.7125194444444,True
PV,DLinear,winter,2025-12-21,90,completed,,144.0,136.18913710219695,1472.4441291666667,67.0,242.39555858696974,229.91825981499693,0.09249188774264293,136.18913710219695,True
PV,B0,winter,2025-12-21,180,completed,,144.0,1472.4441291666667,1472.4441291666667,67.0,3164.65603880597,2568.6431536126024,1.0,1472.4441291666667,True
PV,B1,winter,2025-12-21,180,completed,,144.0,121.9697861111111,1472.4441291666667,67.0,262.14401791044776,241.02008674376947,0.08283491624238415,121.9697861111111,True
PV,B2,winter,2025-12-21,180,completed,,144.0,54.72223541666668,1472.4441291666667,67.0,117.61196865671643,120.34318488569389,0.03716421854840554,54.72223541666668,True
PV,B3,winter,2025-12-21,180,completed,,144.0,74.53843571428571,1472.4441291666667,67.0,160.20201108742003,153.06674362126802,0.05062225060890488,74.53843571428571,True
PV,B4,winter,2025-12-21,180,completed,,144.0,936.6357481944445,1472.4441291666667,67.0,1859.0177942686569,1360.8347738236355,0.636109533558014,936.6357481944445,True
PV,DLinear,winter,2025-12-21,180,completed,,144.0,128.49462626138256,1472.4441291666667,67.0,256.1070508977698,235.43774293080727,0.08726621521055906,128.49462626138256,True
