phase,series,seed,seq_len,training_cutoff,raw_points,available_days,window_count,effective_day_cycles,training_start,training_end,last_window_target_end,last_window_target_available_rank,scaler_fit_end,scaler_fit_rank,training_data_hash,scaler_data_hash,checkpoint_path,checkpoint_sha256,parameter_count,best_epoch,training_seconds
controlled_low_data,Load,2026,1008,2025-09-23T00:00:00,2016,14,865,14,2025-09-09T00:00:00,2025-09-23T00:00:00,2025-09-23T00:00:00,0,2025-09-23T00:00:00,0,17c60551f4f4d1b3963a4f0bbaca8585be9f41b13b9e055014caaadbab0cd701,17c60551f4f4d1b3963a4f0bbaca8585be9f41b13b9e055014caaadbab0cd701,artifacts\dlinear\checkpoints\low_Load_autumn_N14.pt,bbbd4d4207b108acd2e9fd95c148280b4d6e43d289bc9fec5229fe637c66e224,290592,49,0.9255647999962093
controlled_low_data,Load,2026,1008,2025-09-23T00:00:00,25920,180,24769,180,2025-03-27T00:00:00,2025-09-23T00:00:00,2025-09-23T00:00:00,0,2025-09-23T00:00:00,0,de62a915c97acd1fb6b16eae6f4083a0cae8a50e98c895670ed1d83ecf5a53c3,de62a915c97acd1fb6b16eae6f4083a0cae8a50e98c895670ed1d83ecf5a53c3,artifacts\dlinear\checkpoints\low_Load_autumn_N180.pt,e7dd41668cc80947c62f0f1915a06cffdbbb4342d298132fd7fbef0cb296c1ac,290592,49,18.87943099999393
controlled_low_data,Load,2026,1008,2025-09-23T00:00:00,4320,30,3169,30,2025-08-24T00:00:00,2025-09-23T00:00:00,2025-09-23T00:00:00,0,2025-09-23T00:00:00,0,afc21ff26e5e4055b52b271f3ad97f022328051c5aeb9b7da9559ce98c76f1b0,afc21ff26e5e4055b52b271f3ad97f022328051c5aeb9b7da9559ce98c76f1b0,artifacts\dlinear\checkpoints\low_Load_autumn_N30.pt,10572ee117953dac5f8ea7e86ed17c5e6b8d8278a88e58d020fef28e58985ab1,290592,49,2.5601605999981984
controlled_low_data,Load,2026,1008,2025-09-23T00:00:00,8640,60,7489,60,2025-07-25T00:00:00,2025-09-23T00:00:00,2025-09-23T00:00:00,0,2025-09-23T00:00:00,0,d0d3f19bfd52f1ff07c3a323c009141d75835f3f1f980e1d0447aa74400af573,d0d3f19bfd52f1ff07c3a323c009141d75835f3f1f980e1d0447aa74400af573,artifacts\dlinear\checkpoints\low_Load_autumn_N60.pt,1d22393ab13b6c15ef877f9bdf42b1803b9ebf6d6443140798888240568641f8,290592,49,5.884982899995521
controlled_low_data,Load,2026,1008,2025-09-23T00:00:00,12960,90,11809,90,2025-06-25T00:00:00,2025-09-23T00:00:00,2025-09-23T00:00:00,0,2025-09-23T00:00:00,0,0efedf16afdf3d9adf617a596382e75018c67fe71b32fda9fd038d1d16cc656e,0efedf16afdf3d9adf617a596382e75018c67fe71b32fda9fd038d1d16cc656e,artifacts\dlinear\checkpoints\low_Load_autumn_N90.pt,bca23e2fbca27a01ff00405711d64ee82632ba927ff211b38df2051a19394893,290592,49,9.211143499996979
controlled_low_data,Load,2026,1008,2025-03-20T00:00:00,2016,14,865,14,2025-03-06T00:00:00,2025-03-20T00:00:00,2025-03-20T00:00:00,0,2025-03-20T00:00:00,0,f2b4df5a547212365444685f7c646aa7e405bbb01c749446bfb91bf77d00b5d6,f2b4df5a547212365444685f7c646aa7e405bbb01c749446bfb91bf77d00b5d6,artifacts\dlinear\checkpoints\low_Load_spring_N14.pt,fd4a8c134ab2ceda24b5686e3d47e7a650d4d6e17eb69647e9e5555871539450,290592,49,0.8266837999981362
controlled_low_data,Load,2026,1008,2025-03-20T00:00:00,4320,30,3169,30,2025-02-18T00:00:00,2025-03-20T00:00:00,2025-03-20T00:00:00,0,2025-03-20T00:00:00,0,8e64d39756fab7a94f593b120808df9e52b5a81d1a467756e4b290dab60d0695,8e64d39756fab7a94f593b120808df9e52b5a81d1a467756e4b290dab60d0695,artifacts\dlinear\checkpoints\low_Load_spring_N30.pt,46660b840135dff9d59a93145442bc83b8a910f5ab8e0d63efc8818079924247,290592,49,2.5127848999982234
controlled_low_data,Load,2026,1008,2025-03-20T00:00:00,8640,60,7489,60,2025-01-19T00:00:00,2025-03-20T00:00:00,2025-03-20T00:00:00,0,2025-03-20T00:00:00,0,b3952dacda455f63b2c13396f913b3385597258bb05e5df91a9e4fb168d64500,b3952dacda455f63b2c13396f913b3385597258bb05e5df91a9e4fb168d64500,artifacts\dlinear\checkpoints\low_Load_spring_N60.pt,0ad187c08d21edca37b9db3218b8d708eb6718f5efbbed3775373e07c3087650,290592,49,5.679469300011988
controlled_low_data,Load,2026,1008,2025-06-21T00:00:00,2016,14,865,14,2025-06-07T00:00:00,2025-06-21T00:00:00,2025-06-21T00:00:00,0,2025-06-21T00:00:00,0,56533f5ecb61303a3124617ae26dc3d72a48a4f7f47212771af757f59b5c7e7e,56533f5ecb61303a3124617ae26dc3d72a48a4f7f47212771af757f59b5c7e7e,artifacts\dlinear\checkpoints\low_Load_summer_N14.pt,10b8fd319806d725a6b45f2362710105cd794aa4e8450b0fe53d4a35ef214f2b,290592,49,0.8872214000002714
controlled_low_data,Load,2026,1008,2025-06-21T00:00:00,4320,30,3169,30,2025-05-22T00:00:00,2025-06-21T00:00:00,2025-06-21T00:00:00,0,2025-06-21T00:00:00,0,3d82c2896fb1f9c43833f530effdc2bb6100d960e313c8e5e211a398d04c5be2,3d82c2896fb1f9c43833f530effdc2bb6100d960e313c8e5e211a398d04c5be2,artifacts\dlinear\checkpoints\low_Load_summer_N30.pt,9162a55e851967ca2c34cf0fb0d0b6ae0bd2e405ec18f1a3a24c6b242555ceea,290592,49,2.5921120999992127
controlled_low_data,Load,2026,1008,2025-06-21T00:00:00,8640,60,7489,60,2025-04-22T00:00:00,2025-06-21T00:00:00,2025-06-21T00:00:00,0,2025-06-21T00:00:00,0,8dafd974f9ea2380eb7b5d2b9ca14c5167fcd11dd84ed30760c24bc29d45892c,8dafd974f9ea2380eb7b5d2b9ca14c5167fcd11dd84ed30760c24bc29d45892c,artifacts\dlinear\checkpoints\low_Load_summer_N60.pt,6ba04330a35c21cfe1d010447df40d78506b2457384594d740728f94ebed0286,290592,49,5.887432300005457
controlled_low_data,Load,2026,1008,2025-06-21T00:00:00,12960,90,11809,90,2025-03-23T00:00:00,2025-06-21T00:00:00,2025-06-21T00:00:00,0,2025-06-21T00:00:00,0,c389191644faec8d940ce5ace35768e8326d58e0a0b746eaf903d0774eb99af0,c389191644faec8d940ce5ace35768e8326d58e0a0b746eaf903d0774eb99af0,artifacts\dlinear\checkpoints\low_Load_summer_N90.pt,860d8567d584587ac18ebecf5175e13c8e9849a99352b3992e61689cf50bd827,290592,49,9.032242100001895
controlled_low_data,Load,2026,1008,2025-12-21T00:00:00,2016,14,865,14,2025-12-07T00:00:00,2025-12-21T00:00:00,2025-12-21T00:00:00,0,2025-12-21T00:00:00,0,9a5938d46fc9408f4f35eeda05b51f5ae3e4f62d15b76357bd9d81ccc54819c5,9a5938d46fc9408f4f35eeda05b51f5ae3e4f62d15b76357bd9d81ccc54819c5,artifacts\dlinear\checkpoints\low_Load_winter_N14.pt,92dcda4404484848ba7911e10c747bbf170a3c28e6247d4f602e37575004f491,290592,49,0.7571520999917993
controlled_low_data,Load,2026,1008,2025-12-21T00:00:00,25920,180,24769,180,2025-06-24T00:00:00,2025-12-21T00:00:00,2025-12-21T00:00:00,0,2025-12-21T00:00:00,0,a206790fc012c2f55c48158b9fe7728df8216d7a5a4b5596a9e466ea37de7a7c,a206790fc012c2f55c48158b9fe7728df8216d7a5a4b5596a9e466ea37de7a7c,artifacts\dlinear\checkpoints\low_Load_winter_N180.pt,1770435c421b36573033bc6942b77f6e300788a6dd750c06cbaf9ad3208b4f52,290592,49,18.857927999997628
controlled_low_data,Load,2026,1008,2025-12-21T00:00:00,4320,30,3169,30,2025-11-21T00:00:00,2025-12-21T00:00:00,2025-12-21T00:00:00,0,2025-12-21T00:00:00,0,e6ad0cb0d9c6ba717909242b61a5d3bb46e7e57ca4951ef2619b81e7fcbde8cf,e6ad0cb0d9c6ba717909242b61a5d3bb46e7e57ca4951ef2619b81e7fcbde8cf,artifacts\dlinear\checkpoints\low_Load_winter_N30.pt,6dcfbc5ebedf659c60bd490121ed382768e749da00e45ca32b7cc8d883b89136,290592,49,2.2622346999996807
controlled_low_data,Load,2026,1008,2025-12-21T00:00:00,8640,60,7489,60,2025-10-22T00:00:00,2025-12-21T00:00:00,2025-12-21T00:00:00,0,2025-12-21T00:00:00,0,081e7040c67eb104cf8af5d919833c0d29d27623898db424573415f536ad926b,081e7040c67eb104cf8af5d919833c0d29d27623898db424573415f536ad926b,artifacts\dlinear\checkpoints\low_Load_winter_N60.pt,8ff93af8aa421562467dccecedb6382f12cf2723beb2c55ad09507125d6ab48f,290592,49,5.385936299993773
controlled_low_data,Load,2026,1008,2025-12-21T00:00:00,12960,90,11809,90,2025-09-22T00:00:00,2025-12-21T00:00:00,2025-12-21T00:00:00,0,2025-12-21T00:00:00,0,b6297fd540533e24b2d6feb5b5629adf025fbcb75e7baf8221a0791fe460b131,b6297fd540533e24b2d6feb5b5629adf025fbcb75e7baf8221a0791fe460b131,artifacts\dlinear\checkpoints\low_Load_winter_N90.pt,f54a5c948f2d01e1612a1f0d19aebdfc27412e3e088f597eedf8045c64adfb5e,290592,49,8.461480600002687
controlled_low_data,PV,2026,432,2025-09-23T00:00:00,2016,14,1441,14,2025-09-09T00:00:00,2025-09-23T00:00:00,2025-09-23T00:00:00,0,2025-09-23T00:00:00,0,109ec46f39cb4fa8ad6ca5c6ae35bd49765ef6f92341362a17d7fed9a2447b7c,109ec46f39cb4fa8ad6ca5c6ae35bd49765ef6f92341362a17d7fed9a2447b7c,artifacts\dlinear\checkpoints\low_PV_autumn_N14.pt,71cb7b1b1026518fbafd2564e9f8377e018ff36092923e8a960fc3ee88006f3c,124704,46,1.1091653000039514
controlled_low_data,PV,2026,432,2025-09-23T00:00:00,25920,180,25345,180,2025-03-27T00:00:00,2025-09-23T00:00:00,2025-09-23T00:00:00,0,2025-09-23T00:00:00,0,c466f9a2a4871f972e801b6ca668adc0611e5317ddd7e62cd629e82c2d1eacf1,c466f9a2a4871f972e801b6ca668adc0611e5317ddd7e62cd629e82c2d1eacf1,artifacts\dlinear\checkpoints\low_PV_autumn_N180.pt,0a9e7a284d62f8ddb286686ddf44479d6ee6760067344700022e1a7c278ee09b,124704,46,16.86311590000696
controlled_low_data,PV,2026,432,2025-09-23T00:00:00,4320,30,3745,30,2025-08-24T00:00:00,2025-09-23T00:00:00,2025-09-23T00:00:00,0,2025-09-23T00:00:00,0,8eaac23b9c2d58151f1fbad194e7c9c46bcc75d62cf8e991b6008310db8e786d,8eaac23b9c2d58151f1fbad194e7c9c46bcc75d62cf8e991b6008310db8e786d,artifacts\dlinear\checkpoints\low_PV_autumn_N30.pt,174667d78b82020f1d35af4cdc5ca46b2fae6ee242ca6210ea975c54ea35f7d6,124704,46,2.5978503999940585
controlled_low_data,PV,2026,432,2025-09-23T00:00:00,8640,60,8065,60,2025-07-25T00:00:00,2025-09-23T00:00:00,2025-09-23T00:00:00,0,2025-09-23T00:00:00,0,4b38150910358830f664ca42880a488c7c0a40171cf6bee36cb56fb7308b296f,4b38150910358830f664ca42880a488c7c0a40171cf6bee36cb56fb7308b296f,artifacts\dlinear\checkpoints\low_PV_autumn_N60.pt,dfcbc334c0253792786de0fe92d95c816b2c3a4bb55052afcc9e86573cef776c,124704,46,5.557065899993177
controlled_low_data,PV,2026,432,2025-09-23T00:00:00,1008,7,433,7,2025-09-16T00:00:00,2025-09-23T00:00:00,2025-09-23T00:00:00,0,2025-09-23T00:00:00,0,1366a7194ac1bff6e998db8cdda55461433391aa3bf1a331aeb3a352a13a8f0e,1366a7194ac1bff6e998db8cdda55461433391aa3bf1a331aeb3a352a13a8f0e,artifacts\dlinear\checkpoints\low_PV_autumn_N7.pt,8a3004ed4553afba585cd7a7d3f11cedda9d33e284e66a02ea2b210572dcbd49,124704,46,0.3756397000106517
controlled_low_data,PV,2026,432,2025-09-23T00:00:00,12960,90,12385,90,2025-06-25T00:00:00,2025-09-23T00:00:00,2025-09-23T00:00:00,0,2025-09-23T00:00:00,0,f569e1bebbaf2d8b1dc93591318cda339e82eb10b2b9b9108df4c56f94c1a8f2,f569e1bebbaf2d8b1dc93591318cda339e82eb10b2b9b9108df4c56f94c1a8f2,artifacts\dlinear\checkpoints\low_PV_autumn_N90.pt,cb4257c5a6846c9b275eae617404ff630862aa4e46d829b90f19d3ab870cc47c,124704,46,8.348592299997108
controlled_low_data,PV,2026,432,2025-03-20T00:00:00,2016,14,1441,14,2025-03-06T00:00:00,2025-03-20T00:00:00,2025-03-20T00:00:00,0,2025-03-20T00:00:00,0,4a07902fcd631b46f876d306e921fd43de1ebe3cfb7e36bf651602e5be4eea2a,4a07902fcd631b46f876d306e921fd43de1ebe3cfb7e36bf651602e5be4eea2a,artifacts\dlinear\checkpoints\low_PV_spring_N14.pt,afde44a6d4464b5b048af32098cb5a896f1ebc96219da731155b4a8531d03af0,124704,46,0.9957565999939106
controlled_low_data,PV,2026,432,2025-03-20T00:00:00,4320,30,3745,30,2025-02-18T00:00:00,2025-03-20T00:00:00,2025-03-20T00:00:00,0,2025-03-20T00:00:00,0,117e5a4c5182cde7f914decbbcdf8825fe551b3b6e13669a33be3cdc8349ec3c,117e5a4c5182cde7f914decbbcdf8825fe551b3b6e13669a33be3cdc8349ec3c,artifacts\dlinear\checkpoints\low_PV_spring_N30.pt,a5bb02b5ea61e10b3812bd36ebe33f7acb088fe6ecb689edad913bdd5608f7f6,124704,46,2.8544838999951025
controlled_low_data,PV,2026,432,2025-03-20T00:00:00,8640,60,8065,60,2025-01-19T00:00:00,2025-03-20T00:00:00,2025-03-20T00:00:00,0,2025-03-20T00:00:00,0,6c979b25af557aa1775c44216d5dfa9d1ec7ac0b4e8edf1a274d830656793feb,6c979b25af557aa1775c44216d5dfa9d1ec7ac0b4e8edf1a274d830656793feb,artifacts\dlinear\checkpoints\low_PV_spring_N60.pt,779c8d95a651b7f53af47b773af8d915329f50d56aefb9f79d6b0f16b3213779,124704,46,6.037869599997066
controlled_low_data,PV,2026,432,2025-03-20T00:00:00,1008,7,433,7,2025-03-13T00:00:00,2025-03-20T00:00:00,2025-03-20T00:00:00,0,2025-03-20T00:00:00,0,a271dc36e4dbd5bc9862fd6aae6989c2fd1661331adb210a3b60aea5280ffeb6,a271dc36e4dbd5bc9862fd6aae6989c2fd1661331adb210a3b60aea5280ffeb6,artifacts\dlinear\checkpoints\low_PV_spring_N7.pt,aea616a8f3cb6d7287a82404d0d7b6ab04ae28f0c47d2001bea080ec4d64500e,124704,46,0.34347649999835994
controlled_low_data,PV,2026,432,2025-06-21T00:00:00,2016,14,1441,14,2025-06-07T00:00:00,2025-06-21T00:00:00,2025-06-21T00:00:00,0,2025-06-21T00:00:00,0,110600bb1f8baac94a4169540bf7bed1b669b6067a93d4be686feb24538a2eaf,110600bb1f8baac94a4169540bf7bed1b669b6067a93d4be686feb24538a2eaf,artifacts\dlinear\checkpoints\low_PV_summer_N14.pt,09bda0f619d8bedf2dd03c81700af071116fb7b11e249afa6c1835f2ce0f6b8a,124704,46,1.1717684000032023
controlled_low_data,PV,2026,432,2025-06-21T00:00:00,4320,30,3745,30,2025-05-22T00:00:00,2025-06-21T00:00:00,2025-06-21T00:00:00,0,2025-06-21T00:00:00,0,2a9a1cacdcaccf91cb7e8ce3d6144e39fc1656802c0d919fdc83178d403dc396,2a9a1cacdcaccf91cb7e8ce3d6144e39fc1656802c0d919fdc83178d403dc396,artifacts\dlinear\checkpoints\low_PV_summer_N30.pt,adfc961404e1420ac5f2a54a18784e90e327bd31571ee86cfc8948275174ff65,124704,46,2.7602262000000337
controlled_low_data,PV,2026,432,2025-06-21T00:00:00,8640,60,8065,60,2025-04-22T00:00:00,2025-06-21T00:00:00,2025-06-21T00:00:00,0,2025-06-21T00:00:00,0,c12bb2946d1907251083dfa884a3ec4a242a136f284a96f5aafd5975b5c56d8b,c12bb2946d1907251083dfa884a3ec4a242a136f284a96f5aafd5975b5c56d8b,artifacts\dlinear\checkpoints\low_PV_summer_N60.pt,3b0d5c33012a6e5cde1946c30c231547cbfdd68913d70590991be0444eba5d93,124704,46,5.928294600002118
controlled_low_data,PV,2026,432,2025-06-21T00:00:00,1008,7,433,7,2025-06-14T00:00:00,2025-06-21T00:00:00,2025-06-21T00:00:00,0,2025-06-21T00:00:00,0,e1b003ac2d5375b0ddf43ed25f052a7d5aa252f28ba642d9f7bedef68f1e9486,e1b003ac2d5375b0ddf43ed25f052a7d5aa252f28ba642d9f7bedef68f1e9486,artifacts\dlinear\checkpoints\low_PV_summer_N7.pt,2b98791ea0ad8da950c9dbeb440325e1569f208e4dc9d73bac6db79a533f79ef,124704,46,0.40795999999681953
controlled_low_data,PV,2026,432,2025-06-21T00:00:00,12960,90,12385,90,2025-03-23T00:00:00,2025-06-21T00:00:00,2025-06-21T00:00:00,0,2025-06-21T00:00:00,0,752c728339d85408df7ab7c9a8a22ca20b6c601c5ead3d4a97af208ba3e8dba6,752c728339d85408df7ab7c9a8a22ca20b6c601c5ead3d4a97af208ba3e8dba6,artifacts\dlinear\checkpoints\low_PV_summer_N90.pt,6a99e27946e1444e023692f2c6ee79659ec521bd54a4671af11fb0cd93c515f9,124704,46,9.13347350001277
controlled_low_data,PV,2026,432,2025-12-21T00:00:00,2016,14,1441,14,2025-12-07T00:00:00,2025-12-21T00:00:00,2025-12-21T00:00:00,0,2025-12-21T00:00:00,0,49fde01a7784fae6ebd4bddd8c8df2104ff28f9b314f979099e9406ac9b0c4b7,49fde01a7784fae6ebd4bddd8c8df2104ff28f9b314f979099e9406ac9b0c4b7,artifacts\dlinear\checkpoints\low_PV_winter_N14.pt,4686906f07e6655d837ae074a8d0380b82d5c75c7559f4984cb079bbf7797eae,124704,46,1.1130938999995124
controlled_low_data,PV,2026,432,2025-12-21T00:00:00,25920,180,25345,180,2025-06-24T00:00:00,2025-12-21T00:00:00,2025-12-21T00:00:00,0,2025-12-21T00:00:00,0,6a70fa9a28e9ef8c504aca0ed7036fd466fcf0a4cad2ec1485732e1b33b8e441,6a70fa9a28e9ef8c504aca0ed7036fd466fcf0a4cad2ec1485732e1b33b8e441,artifacts\dlinear\checkpoints\low_PV_winter_N180.pt,00a1ffa4c5ebc26aaad486da5732dcbe0f9485109629947045b6a306762dd0f2,124704,46,18.495969700001297
controlled_low_data,PV,2026,432,2025-12-21T00:00:00,4320,30,3745,30,2025-11-21T00:00:00,2025-12-21T00:00:00,2025-12-21T00:00:00,0,2025-12-21T00:00:00,0,d5021cb7713fc68f1caad08a813025d027da9468aeb288ebef9aea831b7c7dc5,d5021cb7713fc68f1caad08a813025d027da9468aeb288ebef9aea831b7c7dc5,artifacts\dlinear\checkpoints\low_PV_winter_N30.pt,3b6b22acdc2d54f1a5c4b2ec0967f56a71029f78bd66ed0e766f9d02bc790b9d,124704,46,2.7419166999898152
controlled_low_data,PV,2026,432,2025-12-21T00:00:00,8640,60,8065,60,2025-10-22T00:00:00,2025-12-21T00:00:00,2025-12-21T00:00:00,0,2025-12-21T00:00:00,0,2f7f0e75b70d7b90ef5f183ec4c2769aa45ebc424e90775a148a054eebf71ecf,2f7f0e75b70d7b90ef5f183ec4c2769aa45ebc424e90775a148a054eebf71ecf,artifacts\dlinear\checkpoints\low_PV_winter_N60.pt,589effd6a675339d01f039f00770de26087c0f5ce61b9cf71949fa5eeec7bcb5,124704,46,5.934863300004508
controlled_low_data,PV,2026,432,2025-12-21T00:00:00,1008,7,433,7,2025-12-14T00:00:00,2025-12-21T00:00:00,2025-12-21T00:00:00,0,2025-12-21T00:00:00,0,f81f52b3d791414083126b2ab3345e1804b0de69ffa0f439a50d8c103bd6d8b6,f81f52b3d791414083126b2ab3345e1804b0de69ffa0f439a50d8c103bd6d8b6,artifacts\dlinear\checkpoints\low_PV_winter_N7.pt,a3b57527bf8e59f4d42e2024f039366da2cb895e98e8eecb63f9eea71e05d950,124704,46,0.3927523000020301
controlled_low_data,PV,2026,432,2025-12-21T00:00:00,12960,90,12385,90,2025-09-22T00:00:00,2025-12-21T00:00:00,2025-12-21T00:00:00,0,2025-12-21T00:00:00,0,f1792439d5a6e04dca100be3d4b5b72a3757e722020b8d1d785ee47fe05b1a6b,f1792439d5a6e04dca100be3d4b5b72a3757e722020b8d1d785ee47fe05b1a6b,artifacts\dlinear\checkpoints\low_PV_winter_N90.pt,f8910a4ae39d0fe16d9bd341f2c6067cc9c21a02a009d1b4ba3eafdb87134e2b,124704,46,9.039340800009086
operational,Load,2026,1008,2025-02-01T00:00:00,4464,31,3313,31,2025-01-01T00:00:00,2025-02-01T00:00:00,2025-02-01T00:00:00,0,2025-02-01T00:00:00,0,bda21131aeffadd3a4332432b7d67a61f23aa355a52e32e316a99cc8ebcfd35b,bda21131aeffadd3a4332432b7d67a61f23aa355a52e32e316a99cc8ebcfd35b,artifacts\dlinear\checkpoints\operational_Load_202502_seed2026.pt,446bd5710e342d92b508f1a8b17b8ec9c9d1af680d8e91a5356bf832fd88eb84,290592,49,2.620765100000426
operational,Load,2026,1008,2025-03-01T00:00:00,8496,59,7345,59,2025-01-01T00:00:00,2025-03-01T00:00:00,2025-03-01T00:00:00,0,2025-03-01T00:00:00,0,3fb7b2f2258e4d057099e8b3d0ada28b584d412873a34e12fb3d5dd3418736ec,3fb7b2f2258e4d057099e8b3d0ada28b584d412873a34e12fb3d5dd3418736ec,artifacts\dlinear\checkpoints\operational_Load_202503_seed2026.pt,c02afcc0dbd0199993472718f368bfdacfd2696d1322f7d7ac31fc6706411bd2,290592,49,5.759609799992177
operational,Load,2026,1008,2025-04-01T00:00:00,12960,90,11809,90,2025-01-01T00:00:00,2025-04-01T00:00:00,2025-04-01T00:00:00,0,2025-04-01T00:00:00,0,9d79477c274e880cd87c5e4feef8391114aeca2d094faf5afb4cf0a6b78d108d,9d79477c274e880cd87c5e4feef8391114aeca2d094faf5afb4cf0a6b78d108d,artifacts\dlinear\checkpoints\operational_Load_202504_seed2026.pt,c9933a382c3ecbb64543dc1441e41db25c77103226dc1cff6b42fcf1b3677e61,290592,49,9.205241899995599
operational,Load,2026,1008,2025-05-01T00:00:00,17280,120,16129,120,2025-01-01T00:00:00,2025-05-01T00:00:00,2025-05-01T00:00:00,0,2025-05-01T00:00:00,0,1700c5bea9d71cfc520f342f6941a18c7d291fc62580f0f78a29b646d10af0e2,1700c5bea9d71cfc520f342f6941a18c7d291fc62580f0f78a29b646d10af0e2,artifacts\dlinear\checkpoints\operational_Load_202505_seed2026.pt,da8c7c5f2e2b0cb34ed9f3adf9c21cfe91289ca9a19a7f3915a831875e21e007,290592,49,12.643155099998694
operational,Load,2026,1008,2025-06-01T00:00:00,21744,151,20593,151,2025-01-01T00:00:00,2025-06-01T00:00:00,2025-06-01T00:00:00,0,2025-06-01T00:00:00,0,af0cd3772550c627c3f394a5453697d6d87bcdd234049a5444d5535e3eb12b4d,af0cd3772550c627c3f394a5453697d6d87bcdd234049a5444d5535e3eb12b4d,artifacts\dlinear\checkpoints\operational_Load_202506_seed2026.pt,9e753177fd41d0886d56d212f09608e5f9c9539410a82ac9c4660a95286c37af,290592,49,15.454606100000092
operational,Load,2026,1008,2025-07-01T00:00:00,26064,181,24913,181,2025-01-01T00:00:00,2025-07-01T00:00:00,2025-07-01T00:00:00,0,2025-07-01T00:00:00,0,4d07ddf0ae3051cd177063bac9d34e29584662f789de5f6d835dd36e19f7ce1e,4d07ddf0ae3051cd177063bac9d34e29584662f789de5f6d835dd36e19f7ce1e,artifacts\dlinear\checkpoints\operational_Load_202507_seed2026.pt,620d0b8a2367294d38bbc0c91a5b8811f2dbb42790c737f35f6f0472380b5f1a,290592,49,19.792323499990744
operational,Load,2026,1008,2025-08-01T00:00:00,30528,212,29377,212,2025-01-01T00:00:00,2025-08-01T00:00:00,2025-08-01T00:00:00,0,2025-08-01T00:00:00,0,f42acb0ded91ec58bab1956044d4bcdb7dc62977242a081bffa9075d19cd98ef,f42acb0ded91ec58bab1956044d4bcdb7dc62977242a081bffa9075d19cd98ef,artifacts\dlinear\checkpoints\operational_Load_202508_seed2026.pt,d12f469c041cb3753240b4578ad67055f322cd8fcdddf57c66d046dcc2ad3f9e,290592,49,23.580689299997175
operational,Load,2026,1008,2025-09-01T00:00:00,34992,243,33841,243,2025-01-01T00:00:00,2025-09-01T00:00:00,2025-09-01T00:00:00,0,2025-09-01T00:00:00,0,5ce024dfd20f66e60adf42d4a67f2ac978008aacfa8d3cc0db0b2a421e38304e,5ce024dfd20f66e60adf42d4a67f2ac978008aacfa8d3cc0db0b2a421e38304e,artifacts\dlinear\checkpoints\operational_Load_202509_seed2026.pt,b41b04364a111a21f2e9d4da1666709ef0d089e19873bd12a25e5dbdae558f5e,290592,49,25.838836999988416
operational,Load,2026,1008,2025-10-01T00:00:00,39312,273,38161,273,2025-01-01T00:00:00,2025-10-01T00:00:00,2025-10-01T00:00:00,0,2025-10-01T00:00:00,0,55c7343640b901751ee51cdcebde311200664c701f0f708e26fcf3dd5ba0db18,55c7343640b901751ee51cdcebde311200664c701f0f708e26fcf3dd5ba0db18,artifacts\dlinear\checkpoints\operational_Load_202510_seed2026.pt,e426a7d666516ea97f27a2e15f36d9f1e39023133965c0d17ff64ce536181e88,290592,49,29.32531939999899
operational,Load,2026,1008,2025-11-01T00:00:00,43776,304,42625,304,2025-01-01T00:00:00,2025-11-01T00:00:00,2025-11-01T00:00:00,0,2025-11-01T00:00:00,0,d96d6211c49bde195c7d3d9801d06a2dcbf8e7f08fa266996c6dcf8af7f6fa4e,d96d6211c49bde195c7d3d9801d06a2dcbf8e7f08fa266996c6dcf8af7f6fa4e,artifacts\dlinear\checkpoints\operational_Load_202511_seed2026.pt,941d12b70d96e7c637f94df396ca66f300763bda9cefa27b8cfda1cecf92b036,290592,49,33.235213099993416
operational,Load,2026,1008,2025-12-01T00:00:00,48096,334,46945,334,2025-01-01T00:00:00,2025-12-01T00:00:00,2025-12-01T00:00:00,0,2025-12-01T00:00:00,0,e62da49c1a7d6d87bf270813fc2795c3ea793ac3c98678fe3b0d944a8f3feb0a,e62da49c1a7d6d87bf270813fc2795c3ea793ac3c98678fe3b0d944a8f3feb0a,artifacts\dlinear\checkpoints\operational_Load_202512_seed2026.pt,cc7674f21e540bb14d4facc0525d8875161c1bdbae1445f96fd8270d637b4a4f,290592,49,39.26999999998952
operational,PV,2026,432,2025-02-01T00:00:00,4464,31,3889,31,2025-01-01T00:00:00,2025-02-01T00:00:00,2025-02-01T00:00:00,0,2025-02-01T00:00:00,0,0f077414ef9fec6bd4926edab12658e69424b45e3249204af70bacf40856ee47,0f077414ef9fec6bd4926edab12658e69424b45e3249204af70bacf40856ee47,artifacts\dlinear\checkpoints\operational_PV_202502_seed2026.pt,aa6f2607dafbf7090916e668d72bd55a8c52680ee5db1dc74ae1c3bd0b5c7df1,124704,46,3.4383724000072107
operational,PV,2026,432,2025-03-01T00:00:00,8496,59,7921,59,2025-01-01T00:00:00,2025-03-01T00:00:00,2025-03-01T00:00:00,0,2025-03-01T00:00:00,0,95c5a9750cb4312ae93f27bb21fa7cd17c5beb4885b34c33d9d1ecbf48ca6258,95c5a9750cb4312ae93f27bb21fa7cd17c5beb4885b34c33d9d1ecbf48ca6258,artifacts\dlinear\checkpoints\operational_PV_202503_seed2026.pt,5b31cf5c621c4908a0e376f26ca7c0893b18b35145ac91ad5c8e742c4d6495b4,124704,46,6.19728789999499
operational,PV,2026,432,2025-04-01T00:00:00,12960,90,12385,90,2025-01-01T00:00:00,2025-04-01T00:00:00,2025-04-01T00:00:00,0,2025-04-01T00:00:00,0,9e7a8a402f12ed89ebb467d49ad74ca2b037d543efef0a391215c6e4e7ad870e,9e7a8a402f12ed89ebb467d49ad74ca2b037d543efef0a391215c6e4e7ad870e,artifacts\dlinear\checkpoints\operational_PV_202504_seed2026.pt,4627d6575d1e00f65626d55ae9ce02f867f579d8b702aaced3ae04989f9bdb57,124704,46,8.136810800002422
operational,PV,2026,432,2025-05-01T00:00:00,17280,120,16705,120,2025-01-01T00:00:00,2025-05-01T00:00:00,2025-05-01T00:00:00,0,2025-05-01T00:00:00,0,9f5bc63403b3b83c2dcd13e4c39533bb567822a41feea12f63e8c759538c8782,9f5bc63403b3b83c2dcd13e4c39533bb567822a41feea12f63e8c759538c8782,artifacts\dlinear\checkpoints\operational_PV_202505_seed2026.pt,8176f688430a6672aad5492e5a64388265cfe4e21627a6b1c0ff2a87fbbe5e3c,124704,46,10.914497499994468
operational,PV,2026,432,2025-06-01T00:00:00,21744,151,21169,151,2025-01-01T00:00:00,2025-06-01T00:00:00,2025-06-01T00:00:00,0,2025-06-01T00:00:00,0,22b5878c6285e38f19c7a274b49b2afd7e4db32a8467c37978a3765e33572143,22b5878c6285e38f19c7a274b49b2afd7e4db32a8467c37978a3765e33572143,artifacts\dlinear\checkpoints\operational_PV_202506_seed2026.pt,392caf2d2c3029e8eca684327ea80a355baeb149fd651bb31c081832f1c4e560,124704,46,15.622283699995023
operational,PV,2026,432,2025-07-01T00:00:00,26064,181,25489,181,2025-01-01T00:00:00,2025-07-01T00:00:00,2025-07-01T00:00:00,0,2025-07-01T00:00:00,0,e041a4588c4ed9587701339a717fd928093e69a34d9d92815d6d431486024268,e041a4588c4ed9587701339a717fd928093e69a34d9d92815d6d431486024268,artifacts\dlinear\checkpoints\operational_PV_202507_seed2026.pt,e524483a4842c1467d14fb02ca4cb6d10ab41543f2b0954ff68022a2c5359fc0,124704,46,18.79287320000003
operational,PV,2026,432,2025-08-01T00:00:00,30528,212,29953,212,2025-01-01T00:00:00,2025-08-01T00:00:00,2025-08-01T00:00:00,0,2025-08-01T00:00:00,0,c0dcc25ee065b88aa2cde8b7ca2fccf78668321684e83f1fb31fc3659f137281,c0dcc25ee065b88aa2cde8b7ca2fccf78668321684e83f1fb31fc3659f137281,artifacts\dlinear\checkpoints\operational_PV_202508_seed2026.pt,6733464cf50aa3cab44490b141a9215985a172fe3470b0fbabd1dc08636f019f,124704,46,22.068705800003954
operational,PV,2026,432,2025-09-01T00:00:00,34992,243,34417,243,2025-01-01T00:00:00,2025-09-01T00:00:00,2025-09-01T00:00:00,0,2025-09-01T00:00:00,0,2dc37da74bdd21b34283459a87e306ff93f4d824d7ca191b630f6cdb1cc63128,2dc37da74bdd21b34283459a87e306ff93f4d824d7ca191b630f6cdb1cc63128,artifacts\dlinear\checkpoints\operational_PV_202509_seed2026.pt,686872d3c657ac9ef139f378f6b15316eac4c8227c5d1524bac35de7db06fd6c,124704,46,24.701541400005226
operational,PV,2026,432,2025-10-01T00:00:00,39312,273,38737,273,2025-01-01T00:00:00,2025-10-01T00:00:00,2025-10-01T00:00:00,0,2025-10-01T00:00:00,0,ab8b9b2a81991c4c4b7d0e1cd2db10f2b455ef5d09ba30da7f7f26ba914ae2b2,ab8b9b2a81991c4c4b7d0e1cd2db10f2b455ef5d09ba30da7f7f26ba914ae2b2,artifacts\dlinear\checkpoints\operational_PV_202510_seed2026.pt,918b9a2ac336d9b4cd534082e06b03022d484e111b073aa2fee9bacd8b3b2b94,124704,46,28.406269699989934
operational,PV,2026,432,2025-11-01T00:00:00,43776,304,43201,304,2025-01-01T00:00:00,2025-11-01T00:00:00,2025-11-01T00:00:00,0,2025-11-01T00:00:00,0,771d5d79eb3cdf1ac5c21797ac1b114fec4429695553b20f9ed2982c48b30bdb,771d5d79eb3cdf1ac5c21797ac1b114fec4429695553b20f9ed2982c48b30bdb,artifacts\dlinear\checkpoints\operational_PV_202511_seed2026.pt,8a6d44aff296e5625d7fd71de5113c8eef2c31c91b874ba7192c15c823999697,124704,46,31.748391399989487
operational,PV,2026,432,2025-12-01T00:00:00,48096,334,47521,334,2025-01-01T00:00:00,2025-12-01T00:00:00,2025-12-01T00:00:00,0,2025-12-01T00:00:00,0,163f835eebfca2787626d95cc29e9f9fad2ecdc2e4b553d75d12c9226f57a07e,163f835eebfca2787626d95cc29e9f9fad2ecdc2e4b553d75d12c9226f57a07e,artifacts\dlinear\checkpoints\operational_PV_202512_seed2026.pt,a7af67baddd47afd62635c1b9a133b950979f30a6b41edfd79692b8f43717612,124704,46,34.30893400000059
january_selection,Load,2026,1008,2025-01-25T00:00:00,3456,24,2305,24,2025-01-01T00:00:00,2025-01-25T00:00:00,2025-01-25T00:00:00,0,2025-01-25T00:00:00,0,457baa8d44054b545849246892ae24c3aae384f4e94ba63461ff74510aa69274,457baa8d44054b545849246892ae24c3aae384f4e94ba63461ff74510aa69274,artifacts\dlinear\checkpoints\selection_Load_L1008.pt,5b0da65e1d03cfc4c5fe967fa0a0f0fd658b91f7cd24092f016debf37c6d3058,290592,49,5.327603500001715
january_selection,Load,2026,144,2025-01-25T00:00:00,3456,24,3169,24,2025-01-01T00:00:00,2025-01-25T00:00:00,2025-01-25T00:00:00,0,2025-01-25T00:00:00,0,457baa8d44054b545849246892ae24c3aae384f4e94ba63461ff74510aa69274,457baa8d44054b545849246892ae24c3aae384f4e94ba63461ff74510aa69274,artifacts\dlinear\checkpoints\selection_Load_L144.pt,98b6c40c41d82f4b3c7bb429776de94f6ec5c1bcc1c52bf3690b1404d0475d69,41760,50,9.761532399992575
january_selection,Load,2026,432,2025-01-25T00:00:00,3456,24,2881,24,2025-01-01T00:00:00,2025-01-25T00:00:00,2025-01-25T00:00:00,0,2025-01-25T00:00:00,0,457baa8d44054b545849246892ae24c3aae384f4e94ba63461ff74510aa69274,457baa8d44054b545849246892ae24c3aae384f4e94ba63461ff74510aa69274,artifacts\dlinear\checkpoints\selection_Load_L432.pt,2d05324fb66b5f9fb22a557ae928759ff3704fea87e6a4540bade88be97e9d3e,124704,50,5.846806600005948
january_selection,PV,2026,1008,2025-01-25T00:00:00,3456,24,2305,24,2025-01-01T00:00:00,2025-01-25T00:00:00,2025-01-25T00:00:00,0,2025-01-25T00:00:00,0,6445cade6852df4abaaeb9dcc37f2c0527eb6d8cd242e98f87d7bacffef834f5,6445cade6852df4abaaeb9dcc37f2c0527eb6d8cd242e98f87d7bacffef834f5,artifacts\dlinear\checkpoints\selection_PV_L1008.pt,a007d96430fcf333050cb11569540cc3449d424fca46f2692a057044bc92d1b5,290592,7,1.687478599997121
january_selection,PV,2026,144,2025-01-25T00:00:00,3456,24,3169,24,2025-01-01T00:00:00,2025-01-25T00:00:00,2025-01-25T00:00:00,0,2025-01-25T00:00:00,0,6445cade6852df4abaaeb9dcc37f2c0527eb6d8cd242e98f87d7bacffef834f5,6445cade6852df4abaaeb9dcc37f2c0527eb6d8cd242e98f87d7bacffef834f5,artifacts\dlinear\checkpoints\selection_PV_L144.pt,acc77cdd388d08e7fc69770eddc3a06d65fb2ab1dd9a0d609f99b79eedb3c6ea,41760,50,5.982112799989409
january_selection,PV,2026,432,2025-01-25T00:00:00,3456,24,2881,24,2025-01-01T00:00:00,2025-01-25T00:00:00,2025-01-25T00:00:00,0,2025-01-25T00:00:00,0,6445cade6852df4abaaeb9dcc37f2c0527eb6d8cd242e98f87d7bacffef834f5,6445cade6852df4abaaeb9dcc37f2c0527eb6d8cd242e98f87d7bacffef834f5,artifacts\dlinear\checkpoints\selection_PV_L432.pt,a256a420add0fa0181af94f8bb8c2a6c18c1dd0d347121c7daeadcb31976479b,124704,46,5.814500500011491
